{"nm":"news icon","ddd":0,"h":500,"w":500,"meta":{"g":"LottieFiles AE "},"layers":[{"ty":3,"nm":"Controls","sr":1,"st":0,"op":271,"ip":0,"hd":false,"ddd":0,"bm":0,"hasMask":false,"ao":0,"ks":{"a":{"a":0,"k":[0,0,0],"ix":1},"s":{"a":0,"k":[150,150,100],"ix":6},"sk":{"a":0,"k":0},"p":{"a":0,"k":[250,250,0],"ix":2},"r":{"a":0,"k":0,"ix":10},"sa":{"a":0,"k":0},"o":{"a":0,"k":0,"ix":11}},"ef":[{"ty":0,"mn":"ADBE Color Control","nm":"Main Stroke Color","ix":1,"en":1,"ef":[{"ty":2,"mn":"ADBE Color Control-0001","nm":"Color","ix":1,"v":{"a":0,"k":[0.9686,0.5451,0],"ix":1}}]},{"ty":0,"mn":"ADBE Color Control","nm":"NEWS Color","ix":2,"en":1,"ef":[{"ty":2,"mn":"ADBE Color Control-0001","nm":"Color","ix":1,"v":{"a":0,"k":[0.9686,0.5451,0],"ix":1}}]},{"ty":0,"mn":"ADBE Color Control","nm":"Pic Color","ix":3,"en":1,"ef":[{"ty":2,"mn":"ADBE Color Control-0001","nm":"Color","ix":1,"v":{"a":0,"k":[1,0.702,0.3137],"ix":1}}]},{"ty":0,"mn":"ADBE Color Control","nm":"Small text Color","ix":4,"en":1,"ef":[{"ty":2,"mn":"ADBE Color Control-0001","nm":"Color","ix":1,"v":{"a":0,"k":[0.3647,0.3647,0.3647],"ix":1}}]}],"ind":1},{"ty":4,"nm":"news 2","sr":1,"st":0,"op":271,"ip":180,"hd":false,"ddd":0,"bm":0,"hasMask":false,"ao":0,"ks":{"a":{"a":0,"k":[47.5,181.5,0],"ix":1},"s":{"a":0,"k":[100,100,100],"ix":6},"sk":{"a":0,"k":0},"p":{"a":0,"k":[47.5,181.5,0],"ix":2},"r":{"a":0,"k":0,"ix":10},"sa":{"a":0,"k":0},"o":{"a":0,"k":100,"ix":11}},"ef":[],"shapes":[{"ty":"gr","bm":0,"hd":false,"mn":"ADBE Vector Group","nm":"small text","ix":1,"cix":2,"np":6,"it":[{"ty":"gr","bm":0,"hd":false,"mn":"ADBE Vector Group","nm":"Group 1","ix":1,"cix":2,"np":2,"it":[{"ty":"sh","bm":0,"hd":false,"mn":"ADBE Vector Shape - Group","nm":"Path 1","ix":1,"d":1,"ks":{"a":0,"k":{"c":false,"i":[[0,0],[0,0]],"o":[[0,0],[0,0]],"v":[[-61.718,15.723],[61.718,-15.723]]},"ix":2}},{"ty":"tm","bm":0,"hd":false,"mn":"ADBE Vector Filter - Trim","nm":"Trim Paths 1","ix":2,"e":{"a":0,"k":100,"ix":2},"o":{"a":0,"k":0,"ix":3},"s":{"a":0,"k":0,"ix":1},"m":1},{"ty":"tr","a":{"a":0,"k":[0,0],"ix":1},"s":{"a":0,"k":[100,100],"ix":3},"sk":{"a":0,"k":0,"ix":4},"p":{"a":0,"k":[120.373,136.512],"ix":2},"r":{"a":0,"k":0,"ix":6},"sa":{"a":0,"k":0,"ix":5},"o":{"a":0,"k":100,"ix":7}}]},{"ty":"gr","bm":0,"hd":false,"mn":"ADBE Vector Group","nm":"Group 2","ix":2,"cix":2,"np":2,"it":[{"ty":"sh","bm":0,"hd":false,"mn":"ADBE Vector Shape - Group","nm":"Path 1","ix":1,"d":1,"ks":{"a":0,"k":{"c":false,"i":[[0,0],[0,0]],"o":[[0,0],[0,0]],"v":[[-61.716,15.722],[61.716,-15.722]]},"ix":2}},{"ty":"tm","bm":0,"hd":false,"mn":"ADBE Vector Filter - Trim","nm":"Trim Paths 1","ix":2,"e":{"a":0,"k":100,"ix":2},"o":{"a":0,"k":0,"ix":3},"s":{"a":0,"k":0,"ix":1},"m":1},{"ty":"tr","a":{"a":0,"k":[0,0],"ix":1},"s":{"a":0,"k":[100,100],"ix":3},"sk":{"a":0,"k":0,"ix":4},"p":{"a":0,"k":[117.434,124.974],"ix":2},"r":{"a":0,"k":0,"ix":6},"sa":{"a":0,"k":0,"ix":5},"o":{"a":0,"k":100,"ix":7}}]},{"ty":"gr","bm":0,"hd":false,"mn":"ADBE Vector Group","nm":"Group 3","ix":3,"cix":2,"np":2,"it":[{"ty":"sh","bm":0,"hd":false,"mn":"ADBE Vector Shape - Group","nm":"Path 1","ix":1,"d":1,"ks":{"a":0,"k":{"c":false,"i":[[0,0],[0,0]],"o":[[0,0],[0,0]],"v":[[-40.215,10.244],[40.215,-10.244]]},"ix":2}},{"ty":"tm","bm":0,"hd":false,"mn":"ADBE Vector Filter - Trim","nm":"Trim Paths 1","ix":2,"e":{"a":0,"k":100,"ix":2},"o":{"a":0,"k":0,"ix":3},"s":{"a":0,"k":0,"ix":1},"m":1},{"ty":"tr","a":{"a":0,"k":[0,0],"ix":1},"s":{"a":0,"k":[100,100],"ix":3},"sk":{"a":0,"k":0,"ix":4},"p":{"a":0,"k":[135.996,107.957],"ix":2},"r":{"a":0,"k":0,"ix":6},"sa":{"a":0,"k":0,"ix":5},"o":{"a":0,"k":100,"ix":7}}]},{"ty":"gr","bm":0,"hd":false,"mn":"ADBE Vector Group","nm":"Group 4","ix":4,"cix":2,"np":2,"it":[{"ty":"sh","bm":0,"hd":false,"mn":"ADBE Vector Shape - Group","nm":"Path 1","ix":1,"d":1,"ks":{"a":0,"k":{"c":false,"i":[[0,0],[0,0]],"o":[[0,0],[0,0]],"v":[[-40.214,10.246],[40.214,-10.246]]},"ix":2}},{"ty":"tm","bm":0,"hd":false,"mn":"ADBE Vector Filter - Trim","nm":"Trim Paths 1","ix":2,"e":{"a":0,"k":100,"ix":2},"o":{"a":0,"k":0,"ix":3},"s":{"a":0,"k":0,"ix":1},"m":1},{"ty":"tr","a":{"a":0,"k":[0,0],"ix":1},"s":{"a":0,"k":[100,100],"ix":3},"sk":{"a":0,"k":0,"ix":4},"p":{"a":0,"k":[133.056,96.416],"ix":2},"r":{"a":0,"k":0,"ix":6},"sa":{"a":0,"k":0,"ix":5},"o":{"a":0,"k":100,"ix":7}}]},{"ty":"gr","bm":0,"hd":false,"mn":"ADBE Vector Group","nm":"Group 5","ix":5,"cix":2,"np":2,"it":[{"ty":"sh","bm":0,"hd":false,"mn":"ADBE Vector Shape - Group","nm":"Path 1","ix":1,"d":1,"ks":{"a":0,"k":{"c":false,"i":[[0,0],[0,0]],"o":[[0,0],[0,0]],"v":[[-40.212,10.244],[40.212,-10.244]]},"ix":2}},{"ty":"tm","bm":0,"hd":false,"mn":"ADBE Vector Filter - Trim","nm":"Trim Paths 1","ix":2,"e":{"a":0,"k":100,"ix":2},"o":{"a":0,"k":-128,"ix":3},"s":{"a":0,"k":0,"ix":1},"m":1},{"ty":"tr","a":{"a":0,"k":[0,0],"ix":1},"s":{"a":0,"k":[100,100],"ix":3},"sk":{"a":0,"k":0,"ix":4},"p":{"a":0,"k":[130.118,84.876],"ix":2},"r":{"a":0,"k":0,"ix":6},"sa":{"a":0,"k":0,"ix":5},"o":{"a":0,"k":100,"ix":7}}]},{"ty":"st","bm":0,"hd":false,"mn":"ADBE Vector Graphic - Stroke","nm":"Stroke 1","lc":2,"lj":2,"ml":1,"o":{"a":0,"k":100,"ix":4},"w":{"a":0,"k":4,"ix":5},"c":{"a":0,"k":[1,1,1],"ix":3}},{"ty":"tr","a":{"a":0,"k":[118.904,113.433],"ix":1},"s":{"a":0,"k":[100,100],"ix":3},"sk":{"a":0,"k":0,"ix":4},"p":{"a":0,"k":[118.904,113.433],"ix":2},"r":{"a":0,"k":0,"ix":6},"sa":{"a":0,"k":0,"ix":5},"o":{"a":0,"k":100,"ix":7}}]},{"ty":"gr","bm":0,"hd":false,"mn":"ADBE Vector Group","nm":"pic","ix":2,"cix":2,"np":2,"it":[{"ty":"sh","bm":0,"hd":false,"mn":"ADBE Vector Shape - Group","nm":"Path 1","ix":1,"d":1,"ks":{"a":0,"k":{"c":true,"i":[[0,0],[0,0],[0,0],[0,0]],"o":[[0,0],[0,0],[0,0],[0,0]],"v":[[21.772,10.781],[-13.961,19.885],[-21.772,-10.785],[13.957,-19.885]]},"ix":2}},{"ty":"fl","bm":0,"hd":false,"mn":"ADBE Vector Graphic - Fill","nm":"Fill 1","c":{"a":0,"k":[1,1,1],"ix":4},"r":1,"o":{"a":0,"k":100,"ix":5}},{"ty":"tr","a":{"a":0,"k":[0,0],"ix":1},"s":{"a":0,"k":[100,100],"ix":3},"sk":{"a":0,"k":0,"ix":4},"p":{"a":0,"k":[67.969,113.001],"ix":2},"r":{"a":0,"k":0,"ix":6},"sa":{"a":0,"k":0,"ix":5},"o":{"a":0,"k":100,"ix":7}}]},{"ty":"gr","bm":0,"hd":false,"mn":"ADBE Vector Group","nm":"news","ix":3,"cix":2,"np":5,"it":[{"ty":"gr","bm":0,"hd":false,"mn":"ADBE Vector Group","nm":"s","ix":1,"cix":2,"np":1,"it":[{"ty":"sh","bm":0,"hd":false,"mn":"ADBE Vector Shape - Group","nm":"Path 1","ix":1,"d":1,"ks":{"a":0,"k":{"c":true,"i":[[0,0],[-3.166,0.811],[0.543,2.126],[4.301,0.398],[1.208,4.737],[-7.746,1.973],[-2.172,-0.375],[0,0],[3.215,-0.818],[-0.432,-1.694],[-4.645,-0.512],[-1.17,-4.592],[9.011,-2.298],[2.107,0.543]],"o":[[2.256,0.505],[3.41,-0.864],[-0.516,-2.03],[-5.938,-0.497],[-1.418,-5.562],[3.7,-0.944],[0,0],[-1.476,-0.298],[-3.212,0.819],[0.531,2.076],[6.339,0.65],[1.392,5.467],[-3.75,0.955],[0,0]],"v":[[-7.714,11.16],[1.038,11.091],[5.35,6.236],[-1.325,3.047],[-12.787,-4.282],[-2.865,-17.262],[5.932,-17.751],[5.79,-11.382],[-1.474,-11.183],[-5.446,-6.82],[1.814,-3.781],[12.813,3.766],[2.139,17.251],[-7.668,17.637]]},"ix":2}},{"ty":"tr","a":{"a":0,"k":[0,0],"ix":1},"s":{"a":1,"k":[{"o":{"x":0.167,"y":0.167},"i":{"x":0.667,"y":1},"s":[100,100],"t":218.4},{"o":{"x":0.333,"y":0},"i":{"x":0.833,"y":0.833},"s":[110,110],"t":242.4},{"o":{"x":0.167,"y":0.167},"i":{"x":0.833,"y":0.833},"s":[100,100],"t":266.4},{"s":[100,100],"t":350.400390625}],"ix":3},"sk":{"a":0,"k":0,"ix":4},"p":{"a":0,"k":[152.229,49.046],"ix":2},"r":{"a":0,"k":0,"ix":6},"sa":{"a":0,"k":0,"ix":5},"o":{"a":0,"k":100,"ix":7}}]},{"ty":"gr","bm":0,"hd":false,"mn":"ADBE Vector Group","nm":"w","ix":2,"cix":2,"np":1,"it":[{"ty":"sh","bm":0,"hd":false,"mn":"ADBE Vector Shape - Group","nm":"Path 1","ix":1,"d":1,"ks":{"a":0,"k":{"c":true,"i":[[0,0],[0,0],[0,0],[0,0],[-1.373,-3.15],[0,0],[0.194,4.221],[0,0],[0,0],[0,0],[-1.411,-3.502],[0,0],[0.306,4.041],[0,0],[0,0],[0,0],[0,0],[0,0],[1.338,3.624],[0,0],[-0.057,-3.487],[0,0]],"o":[[0,0],[0,0],[0,0],[1.716,3.685],[0,0],[-0.363,-3.663],[0,0],[0,0],[0,0],[1.705,3.636],[0,0],[-0.436,-3.751],[0,0],[0,0],[0,0],[0,0],[0,0],[-1.469,-3.127],[0,0],[0.352,3.824],[0,0],[0,0]],"v":[[-4.848,20.639],[-20.944,-9.965],[-13.007,-11.987],[-7.096,0.821],[-2.252,11.686],[-2.157,11.663],[-2.932,-0.342],[-3.556,-14.396],[4.335,-16.408],[10.464,-3.343],[15.002,7.137],[15.098,7.114],[14.115,-4.685],[13.397,-18.716],[20.944,-20.639],[20.776,14.11],[12.735,16.16],[6.385,2.847],[2.267,-6.818],[2.168,-6.792],[2.829,3.749],[3.288,18.568]]},"ix":2}},{"ty":"tr","a":{"a":0,"k":[0,0],"ix":1},"s":{"a":1,"k":[{"o":{"x":0.167,"y":0.167},"i":{"x":0.667,"y":1},"s":[100,100],"t":206.4},{"o":{"x":0.333,"y":0},"i":{"x":0.833,"y":0.833},"s":[110,110],"t":230.4},{"o":{"x":0.167,"y":0.167},"i":{"x":0.833,"y":0.833},"s":[100,100],"t":254.4},{"s":[100,100],"t":338.400390625}],"ix":3},"sk":{"a":0,"k":0,"ix":4},"p":{"a":0,"k":[113.479,56.794],"ix":2},"r":{"a":0,"k":0,"ix":6},"sa":{"a":0,"k":0,"ix":5},"o":{"a":0,"k":100,"ix":7}}]},{"ty":"gr","bm":0,"hd":false,"mn":"ADBE Vector Group","nm":"e","ix":3,"cix":2,"np":1,"it":[{"ty":"sh","bm":0,"hd":false,"mn":"ADBE Vector Shape - Group","nm":"Path 1","ix":1,"d":1,"ks":{"a":0,"k":{"c":true,"i":[[0,0],[0,0],[0,0],[0,0],[0,0],[0,0],[0,0],[0,0],[0,0],[0,0],[0,0],[0,0]],"o":[[0,0],[0,0],[0,0],[0,0],[0,0],[0,0],[0,0],[0,0],[0,0],[0,0],[0,0],[0,0]],"v":[[9.7,0.117],[-2.378,3.195],[-0.409,10.933],[13.083,7.496],[14.624,13.54],[-6.32,18.877],[-14.624,-13.716],[5.639,-18.877],[7.177,-12.836],[-5.632,-9.571],[-3.908,-2.797],[8.175,-5.878]]},"ix":2}},{"ty":"tr","a":{"a":0,"k":[0,0],"ix":1},"s":{"a":1,"k":[{"o":{"x":0.167,"y":0.167},"i":{"x":0.667,"y":1},"s":[100,100],"t":194.4},{"o":{"x":0.333,"y":0},"i":{"x":0.833,"y":0.833},"s":[110,110],"t":218.4},{"o":{"x":0.167,"y":0.167},"i":{"x":0.833,"y":0.833},"s":[100,100],"t":242.4},{"s":[100,100],"t":326.400390625}],"ix":3},"sk":{"a":0,"k":0,"ix":4},"p":{"a":0,"k":[83.279,66.627],"ix":2},"r":{"a":0,"k":0,"ix":6},"sa":{"a":0,"k":0,"ix":5},"o":{"a":0,"k":100,"ix":7}}]},{"ty":"gr","bm":0,"hd":false,"mn":"ADBE Vector Group","nm":"n","ix":4,"cix":2,"np":1,"it":[{"ty":"sh","bm":0,"hd":false,"mn":"ADBE Vector Shape - Group","nm":"Path 1","ix":1,"d":1,"ks":{"a":0,"k":{"c":true,"i":[[0,0],[0,0],[0,0],[0,0],[-2.401,-3.303],[0,0],[1.243,4.882],[0,0],[0,0],[0,0],[0,0],[0,0],[2.581,3.41],[0,0],[-1.357,-5.321],[0,0]],"o":[[0,0],[0,0],[0,0],[2.821,2.937],[0,0],[-1.583,-4.183],[0,0],[0,0],[0,0],[0,0],[0,0],[-2.837,-2.982],[0,0],[1.292,4.256],[0,0],[0,0]],"v":[[-9.439,19.758],[-17.743,-12.834],[-9.073,-15.044],[0.791,-4.836],[8.996,4.971],[9.142,4.932],[5.046,-8.495],[2.619,-18.022],[9.439,-19.758],[17.743,12.831],[9.949,14.82],[-0.267,4.03],[-8.901,-6.026],[-9.035,-5.938],[-5.12,8.205],[-2.618,18.02]]},"ix":2}},{"ty":"tr","a":{"a":0,"k":[0,0],"ix":1},"s":{"a":1,"k":[{"o":{"x":0.167,"y":0.167},"i":{"x":0.667,"y":1},"s":[100,100],"t":182.4},{"o":{"x":0.333,"y":0},"i":{"x":0.833,"y":0.833},"s":[110,110],"t":206.4},{"o":{"x":0.167,"y":0.167},"i":{"x":0.833,"y":0.833},"s":[100,100],"t":230.4},{"s":[100,100],"t":314.400390625}],"ix":3},"sk":{"a":0,"k":0,"ix":4},"p":{"a":0,"k":[52.77,74.314],"ix":2},"r":{"a":0,"k":0,"ix":6},"sa":{"a":0,"k":0,"ix":5},"o":{"a":0,"k":100,"ix":7}}]},{"ty":"fl","bm":0,"hd":false,"mn":"ADBE Vector Graphic - Fill","nm":"Fill 1","c":{"a":0,"k":[1,1,1],"ix":4},"r":1,"o":{"a":0,"k":100,"ix":5}},{"ty":"tr","a":{"a":0,"k":[100.195,62.552],"ix":1},"s":{"a":0,"k":[100,100],"ix":3},"sk":{"a":0,"k":0,"ix":4},"p":{"a":0,"k":[100.195,62.552],"ix":2},"r":{"a":0,"k":0,"ix":6},"sa":{"a":0,"k":0,"ix":5},"o":{"a":0,"k":100,"ix":7}}]},{"ty":"gr","bm":0,"hd":false,"mn":"ADBE Vector Group","nm":"paper","ix":4,"cix":2,"np":2,"it":[{"ty":"sh","bm":0,"hd":false,"mn":"ADBE Vector Shape - Group","nm":"Path 1","ix":1,"d":1,"ks":{"a":0,"k":{"c":true,"i":[[0,0],[4.442,-1.132],[0,0],[1.131,4.443],[0,0],[-4.443,1.132],[0,0],[-1.132,-4.443]],"o":[[1.132,4.443],[0,0],[-4.447,1.132],[0,0],[-1.132,-4.443],[0,0],[4.443,-1.132],[0,0]],"v":[[93.348,30.348],[87.349,40.446],[-57.352,77.309],[-67.449,71.314],[-93.348,-30.344],[-87.353,-40.438],[57.348,-77.31],[67.446,-71.311]]},"ix":2}},{"ty":"st","bm":0,"hd":false,"mn":"ADBE Vector Graphic - Stroke","nm":"Stroke 1","lc":2,"lj":2,"ml":1,"o":{"a":0,"k":100,"ix":4},"w":{"a":0,"k":6,"ix":5},"c":{"a":0,"k":[1,1,1],"ix":3}},{"ty":"tr","a":{"a":0,"k":[0,0],"ix":1},"s":{"a":0,"k":[100,100],"ix":3},"sk":{"a":0,"k":0,"ix":4},"p":{"a":0,"k":[109.48,93.442],"ix":2},"r":{"a":0,"k":0,"ix":6},"sa":{"a":0,"k":0,"ix":5},"o":{"a":0,"k":100,"ix":7}}]}],"ind":2,"parent":3},{"ty":4,"nm":"news 5","sr":1,"st":0,"op":180,"ip":0,"hd":false,"ddd":0,"bm":0,"hasMask":false,"ao":0,"ks":{"a":{"a":0,"k":[47.5,181.5,0],"ix":1},"s":{"a":1,"k":[{"o":{"x":0.167,"y":0.167},"i":{"x":0,"y":1},"s":[0,0,100],"t":0},{"s":[100,100,100],"t":48}],"ix":6},"sk":{"a":0,"k":0},"p":{"a":0,"k":[-70,82,0],"ix":2},"r":{"a":1,"k":[{"o":{"x":0.167,"y":0.167},"i":{"x":0.667,"y":1},"s":[-90],"t":0},{"s":[0],"t":48}],"ix":10},"sa":{"a":0,"k":0},"o":{"a":0,"k":100,"ix":11}},"ef":[],"shapes":[{"ty":"gr","bm":0,"hd":false,"mn":"ADBE Vector Group","nm":"small text","ix":1,"cix":2,"np":6,"it":[{"ty":"gr","bm":0,"hd":false,"mn":"ADBE Vector Group","nm":"Group 1","ix":1,"cix":2,"np":3,"it":[{"ty":"sh","bm":0,"hd":false,"mn":"ADBE Vector Shape - Group","nm":"Path 1","ix":1,"d":1,"ks":{"a":0,"k":{"c":false,"i":[[0,0],[0,0]],"o":[[0,0],[0,0]],"v":[[-61.718,15.723],[61.718,-15.723]]},"ix":2}},{"ty":"tm","bm":0,"hd":false,"mn":"ADBE Vector Filter - Trim","nm":"Trim Paths 1","ix":2,"e":{"a":1,"k":[{"o":{"x":0.167,"y":0.167},"i":{"x":0.667,"y":1},"s":[0],"t":112.801},{"s":[100],"t":136.80078125}],"ix":2},"o":{"a":0,"k":0,"ix":3},"s":{"a":0,"k":0,"ix":1},"m":1},{"ty":"tr","a":{"a":0,"k":[0,0],"ix":1},"s":{"a":0,"k":[100,100],"ix":3},"sk":{"a":0,"k":0,"ix":4},"p":{"a":0,"k":[120.373,136.512],"ix":2},"r":{"a":0,"k":0,"ix":6},"sa":{"a":0,"k":0,"ix":5},"o":{"a":0,"k":100,"ix":7}}]},{"ty":"gr","bm":0,"hd":false,"mn":"ADBE Vector Group","nm":"Group 2","ix":2,"cix":2,"np":3,"it":[{"ty":"sh","bm":0,"hd":false,"mn":"ADBE Vector Shape - Group","nm":"Path 1","ix":1,"d":1,"ks":{"a":0,"k":{"c":false,"i":[[0,0],[0,0]],"o":[[0,0],[0,0]],"v":[[-61.716,15.722],[61.716,-15.722]]},"ix":2}},{"ty":"tm","bm":0,"hd":false,"mn":"ADBE Vector Filter - Trim","nm":"Trim Paths 1","ix":2,"e":{"a":1,"k":[{"o":{"x":0.167,"y":0.167},"i":{"x":0.667,"y":1},"s":[0],"t":105.6},{"s":[100],"t":129.599609375}],"ix":2},"o":{"a":0,"k":0,"ix":3},"s":{"a":0,"k":0,"ix":1},"m":1},{"ty":"tr","a":{"a":0,"k":[0,0],"ix":1},"s":{"a":0,"k":[100,100],"ix":3},"sk":{"a":0,"k":0,"ix":4},"p":{"a":0,"k":[117.434,124.974],"ix":2},"r":{"a":0,"k":0,"ix":6},"sa":{"a":0,"k":0,"ix":5},"o":{"a":0,"k":100,"ix":7}}]},{"ty":"gr","bm":0,"hd":false,"mn":"ADBE Vector Group","nm":"Group 3","ix":3,"cix":2,"np":3,"it":[{"ty":"sh","bm":0,"hd":false,"mn":"ADBE Vector Shape - Group","nm":"Path 1","ix":1,"d":1,"ks":{"a":0,"k":{"c":false,"i":[[0,0],[0,0]],"o":[[0,0],[0,0]],"v":[[-40.215,10.244],[40.215,-10.244]]},"ix":2}},{"ty":"tm","bm":0,"hd":false,"mn":"ADBE Vector Filter - Trim","nm":"Trim Paths 1","ix":2,"e":{"a":1,"k":[{"o":{"x":0.167,"y":0.167},"i":{"x":0.667,"y":1},"s":[0],"t":98.4},{"s":[100],"t":122.400390625}],"ix":2},"o":{"a":0,"k":0,"ix":3},"s":{"a":0,"k":0,"ix":1},"m":1},{"ty":"tr","a":{"a":0,"k":[0,0],"ix":1},"s":{"a":0,"k":[100,100],"ix":3},"sk":{"a":0,"k":0,"ix":4},"p":{"a":0,"k":[135.996,107.957],"ix":2},"r":{"a":0,"k":0,"ix":6},"sa":{"a":0,"k":0,"ix":5},"o":{"a":0,"k":100,"ix":7}}]},{"ty":"gr","bm":0,"hd":false,"mn":"ADBE Vector Group","nm":"Group 4","ix":4,"cix":2,"np":3,"it":[{"ty":"sh","bm":0,"hd":false,"mn":"ADBE Vector Shape - Group","nm":"Path 1","ix":1,"d":1,"ks":{"a":0,"k":{"c":false,"i":[[0,0],[0,0]],"o":[[0,0],[0,0]],"v":[[-40.214,10.246],[40.214,-10.246]]},"ix":2}},{"ty":"tm","bm":0,"hd":false,"mn":"ADBE Vector Filter - Trim","nm":"Trim Paths 1","ix":2,"e":{"a":1,"k":[{"o":{"x":0.167,"y":0.167},"i":{"x":0.667,"y":1},"s":[0],"t":91.199},{"s":[100],"t":115.19921875}],"ix":2},"o":{"a":0,"k":0,"ix":3},"s":{"a":0,"k":0,"ix":1},"m":1},{"ty":"tr","a":{"a":0,"k":[0,0],"ix":1},"s":{"a":0,"k":[100,100],"ix":3},"sk":{"a":0,"k":0,"ix":4},"p":{"a":0,"k":[133.056,96.416],"ix":2},"r":{"a":0,"k":0,"ix":6},"sa":{"a":0,"k":0,"ix":5},"o":{"a":0,"k":100,"ix":7}}]},{"ty":"gr","bm":0,"hd":false,"mn":"ADBE Vector Group","nm":"Group 5","ix":5,"cix":2,"np":3,"it":[{"ty":"sh","bm":0,"hd":false,"mn":"ADBE Vector Shape - Group","nm":"Path 1","ix":1,"d":1,"ks":{"a":0,"k":{"c":false,"i":[[0,0],[0,0]],"o":[[0,0],[0,0]],"v":[[-40.212,10.244],[40.212,-10.244]]},"ix":2}},{"ty":"tm","bm":0,"hd":false,"mn":"ADBE Vector Filter - Trim","nm":"Trim Paths 1","ix":2,"e":{"a":1,"k":[{"o":{"x":0.167,"y":0.167},"i":{"x":0.667,"y":1},"s":[0],"t":84},{"s":[100],"t":108}],"ix":2},"o":{"a":0,"k":-128,"ix":3},"s":{"a":0,"k":0,"ix":1},"m":1},{"ty":"tr","a":{"a":0,"k":[0,0],"ix":1},"s":{"a":0,"k":[100,100],"ix":3},"sk":{"a":0,"k":0,"ix":4},"p":{"a":0,"k":[130.118,84.876],"ix":2},"r":{"a":0,"k":0,"ix":6},"sa":{"a":0,"k":0,"ix":5},"o":{"a":0,"k":100,"ix":7}}]},{"ty":"st","bm":0,"hd":false,"mn":"ADBE Vector Graphic - Stroke","nm":"Stroke 1","lc":2,"lj":2,"ml":1,"o":{"a":0,"k":100,"ix":4},"w":{"a":0,"k":4,"ix":5},"c":{"a":0,"k":[1,1,1],"ix":3}},{"ty":"tr","a":{"a":0,"k":[118.904,113.433],"ix":1},"s":{"a":0,"k":[100,100],"ix":3},"sk":{"a":0,"k":0,"ix":4},"p":{"a":0,"k":[118.904,113.433],"ix":2},"r":{"a":0,"k":0,"ix":6},"sa":{"a":0,"k":0,"ix":5},"o":{"a":0,"k":100,"ix":7}}]},{"ty":"gr","bm":0,"hd":false,"mn":"ADBE Vector Group","nm":"pic","ix":2,"cix":2,"np":2,"it":[{"ty":"sh","bm":0,"hd":false,"mn":"ADBE Vector Shape - Group","nm":"Path 1","ix":1,"d":1,"ks":{"a":0,"k":{"c":true,"i":[[0,0],[0,0],[0,0],[0,0]],"o":[[0,0],[0,0],[0,0],[0,0]],"v":[[21.772,10.781],[-13.961,19.885],[-21.772,-10.785],[13.957,-19.885]]},"ix":2}},{"ty":"fl","bm":0,"hd":false,"mn":"ADBE Vector Graphic - Fill","nm":"Fill 1","c":{"a":0,"k":[1,1,1],"ix":4},"r":1,"o":{"a":0,"k":100,"ix":5}},{"ty":"tr","a":{"a":0,"k":[0,0],"ix":1},"s":{"a":1,"k":[{"o":{"x":0.167,"y":0.167},"i":{"x":0,"y":1},"s":[0,0],"t":84},{"s":[100,100],"t":132}],"ix":3},"sk":{"a":0,"k":0,"ix":4},"p":{"a":0,"k":[67.969,113.001],"ix":2},"r":{"a":0,"k":0,"ix":6},"sa":{"a":0,"k":0,"ix":5},"o":{"a":0,"k":100,"ix":7}}]},{"ty":"gr","bm":0,"hd":false,"mn":"ADBE Vector Group","nm":"news","ix":3,"cix":2,"np":5,"it":[{"ty":"gr","bm":0,"hd":false,"mn":"ADBE Vector Group","nm":"s","ix":1,"cix":2,"np":1,"it":[{"ty":"sh","bm":0,"hd":false,"mn":"ADBE Vector Shape - Group","nm":"Path 1","ix":1,"d":1,"ks":{"a":0,"k":{"c":true,"i":[[0,0],[-3.166,0.811],[0.543,2.126],[4.301,0.398],[1.208,4.737],[-7.746,1.973],[-2.172,-0.375],[0,0],[3.215,-0.818],[-0.432,-1.694],[-4.645,-0.512],[-1.17,-4.592],[9.011,-2.298],[2.107,0.543]],"o":[[2.256,0.505],[3.41,-0.864],[-0.516,-2.03],[-5.938,-0.497],[-1.418,-5.562],[3.7,-0.944],[0,0],[-1.476,-0.298],[-3.212,0.819],[0.531,2.076],[6.339,0.65],[1.392,5.467],[-3.75,0.955],[0,0]],"v":[[-7.714,11.16],[1.038,11.091],[5.35,6.236],[-1.325,3.047],[-12.787,-4.282],[-2.865,-17.262],[5.932,-17.751],[5.79,-11.382],[-1.474,-11.183],[-5.446,-6.82],[1.814,-3.781],[12.813,3.766],[2.139,17.251],[-7.668,17.637]]},"ix":2}},{"ty":"tr","a":{"a":0,"k":[0,0],"ix":1},"s":{"a":1,"k":[{"o":{"x":0.167,"y":0},"i":{"x":0.833,"y":1},"s":[0,0],"t":0},{"o":{"x":0.167,"y":0},"i":{"x":0.833,"y":1},"s":[0,0],"t":1},{"o":{"x":0.167,"y":0},"i":{"x":0.833,"y":1},"s":[0,0],"t":2},{"o":{"x":0.167,"y":0},"i":{"x":0.833,"y":1},"s":[0,0],"t":3},{"o":{"x":0.167,"y":0},"i":{"x":0.833,"y":1},"s":[0,0],"t":4},{"o":{"x":0.167,"y":0},"i":{"x":0.833,"y":1},"s":[0,0],"t":5},{"o":{"x":0.167,"y":0},"i":{"x":0.833,"y":1},"s":[0,0],"t":6},{"o":{"x":0.167,"y":0},"i":{"x":0.833,"y":1},"s":[0,0],"t":7},{"o":{"x":0.167,"y":0},"i":{"x":0.833,"y":1},"s":[0,0],"t":8},{"o":{"x":0.167,"y":0},"i":{"x":0.833,"y":1},"s":[0,0],"t":9},{"o":{"x":0.167,"y":0},"i":{"x":0.833,"y":1},"s":[0,0],"t":10},{"o":{"x":0.167,"y":0},"i":{"x":0.833,"y":1},"s":[0,0],"t":11},{"o":{"x":0.167,"y":0},"i":{"x":0.833,"y":1},"s":[0,0],"t":12},{"o":{"x":0.167,"y":0},"i":{"x":0.833,"y":1},"s":[0,0],"t":13},{"o":{"x":0.167,"y":0},"i":{"x":0.833,"y":1},"s":[0,0],"t":14},{"o":{"x":0.167,"y":0},"i":{"x":0.833,"y":1},"s":[0,0],"t":15},{"o":{"x":0.167,"y":0},"i":{"x":0.833,"y":1},"s":[0,0],"t":16},{"o":{"x":0.167,"y":0},"i":{"x":0.833,"y":1},"s":[0,0],"t":17},{"o":{"x":0.167,"y":0},"i":{"x":0.833,"y":1},"s":[0,0],"t":18},{"o":{"x":0.167,"y":0},"i":{"x":0.833,"y":1},"s":[0,0],"t":19},{"o":{"x":0.167,"y":0},"i":{"x":0.833,"y":1},"s":[0,0],"t":20},{"o":{"x":0.167,"y":0},"i":{"x":0.833,"y":1},"s":[0,0],"t":21},{"o":{"x":0.167,"y":0},"i":{"x":0.833,"y":1},"s":[0,0],"t":22},{"o":{"x":0.167,"y":0},"i":{"x":0.833,"y":1},"s":[0,0],"t":23},{"o":{"x":0.167,"y":0},"i":{"x":0.833,"y":1},"s":[0,0],"t":24},{"o":{"x":0.167,"y":0},"i":{"x":0.833,"y":1},"s":[0,0],"t":25},{"o":{"x":0.167,"y":0},"i":{"x":0.833,"y":1},"s":[0,0],"t":26},{"o":{"x":0.167,"y":0},"i":{"x":0.833,"y":1},"s":[0,0],"t":27},{"o":{"x":0.167,"y":0},"i":{"x":0.833,"y":1},"s":[0,0],"t":28},{"o":{"x":0.167,"y":0},"i":{"x":0.833,"y":1},"s":[0,0],"t":29},{"o":{"x":0.167,"y":0},"i":{"x":0.833,"y":1},"s":[0,0],"t":30},{"o":{"x":0.167,"y":0},"i":{"x":0.833,"y":1},"s":[0,0],"t":31},{"o":{"x":0.167,"y":0},"i":{"x":0.833,"y":1},"s":[0,0],"t":32},{"o":{"x":0.167,"y":0},"i":{"x":0.833,"y":1},"s":[0,0],"t":33},{"o":{"x":0.167,"y":0},"i":{"x":0.833,"y":1},"s":[0,0],"t":34},{"o":{"x":0.167,"y":0},"i":{"x":0.833,"y":1},"s":[0,0],"t":35},{"o":{"x":0.167,"y":0},"i":{"x":0.833,"y":1},"s":[0,0],"t":36},{"o":{"x":0.167,"y":0},"i":{"x":0.833,"y":1},"s":[0,0],"t":37},{"o":{"x":0.167,"y":0},"i":{"x":0.833,"y":1},"s":[0,0],"t":38},{"o":{"x":0.167,"y":0},"i":{"x":0.833,"y":1},"s":[0,0],"t":39},{"o":{"x":0.167,"y":0},"i":{"x":0.833,"y":1},"s":[0,0],"t":40},{"o":{"x":0.167,"y":0},"i":{"x":0.833,"y":1},"s":[0,0],"t":41},{"o":{"x":0.167,"y":0},"i":{"x":0.833,"y":1},"s":[0,0],"t":42},{"o":{"x":0.167,"y":0},"i":{"x":0.833,"y":1},"s":[0,0],"t":43},{"o":{"x":0.167,"y":0},"i":{"x":0.833,"y":1},"s":[0,0],"t":44},{"o":{"x":0.167,"y":0},"i":{"x":0.833,"y":1},"s":[0,0],"t":45},{"o":{"x":0.167,"y":0},"i":{"x":0.833,"y":1},"s":[0,0],"t":46},{"o":{"x":0.167,"y":0},"i":{"x":0.833,"y":1},"s":[0,0],"t":47},{"o":{"x":0.167,"y":0},"i":{"x":0.833,"y":1},"s":[0,0],"t":48},{"o":{"x":0.167,"y":0},"i":{"x":0.833,"y":1},"s":[0,0],"t":49},{"o":{"x":0.167,"y":0},"i":{"x":0.833,"y":1},"s":[0,0],"t":50},{"o":{"x":0.167,"y":0},"i":{"x":0.833,"y":1},"s":[0,0],"t":51},{"o":{"x":0.167,"y":0},"i":{"x":0.833,"y":1},"s":[0,0],"t":52},{"o":{"x":0.167,"y":0},"i":{"x":0.833,"y":1},"s":[0,0],"t":53},{"o":{"x":0.167,"y":0},"i":{"x":0.833,"y":1},"s":[0,0],"t":54},{"o":{"x":0.167,"y":0},"i":{"x":0.833,"y":1},"s":[0,0],"t":55},{"o":{"x":0.167,"y":0},"i":{"x":0.833,"y":1},"s":[0,0],"t":56},{"o":{"x":0.167,"y":0},"i":{"x":0.833,"y":1},"s":[0,0],"t":57},{"o":{"x":0.167,"y":0},"i":{"x":0.833,"y":1},"s":[0,0],"t":58},{"o":{"x":0.167,"y":0},"i":{"x":0.833,"y":0.612},"s":[0,0],"t":59},{"o":{"x":0.167,"y":0.083},"i":{"x":0.833,"y":0.823},"s":[0,0],"t":60},{"o":{"x":0.167,"y":0.158},"i":{"x":0.833,"y":0.829},"s":[4.661,4.661],"t":61},{"o":{"x":0.167,"y":0.163},"i":{"x":0.833,"y":0.832},"s":[9.876,9.876],"t":62},{"o":{"x":0.167,"y":0.165},"i":{"x":0.833,"y":0.833},"s":[15.336,15.336],"t":63},{"o":{"x":0.167,"y":0.166},"i":{"x":0.833,"y":0.834},"s":[20.906,20.906],"t":64},{"o":{"x":0.167,"y":0.167},"i":{"x":0.833,"y":0.834},"s":[26.509,26.509],"t":65},{"o":{"x":0.167,"y":0.167},"i":{"x":0.833,"y":0.835},"s":[32.097,32.097],"t":66},{"o":{"x":0.167,"y":0.168},"i":{"x":0.833,"y":0.835},"s":[37.635,37.635],"t":67},{"o":{"x":0.167,"y":0.168},"i":{"x":0.833,"y":0.835},"s":[43.094,43.094],"t":68},{"o":{"x":0.167,"y":0.169},"i":{"x":0.833,"y":0.836},"s":[48.451,48.451],"t":69},{"o":{"x":0.167,"y":0.169},"i":{"x":0.833,"y":0.836},"s":[53.685,53.685],"t":70},{"o":{"x":0.167,"y":0.169},"i":{"x":0.833,"y":0.836},"s":[58.777,58.777],"t":71},{"o":{"x":0.167,"y":0.17},"i":{"x":0.833,"y":0.837},"s":[63.706,63.706],"t":72},{"o":{"x":0.167,"y":0.17},"i":{"x":0.833,"y":0.837},"s":[68.453,68.453],"t":73},{"o":{"x":0.167,"y":0.171},"i":{"x":0.833,"y":0.838},"s":[72.997,72.997],"t":74},{"o":{"x":0.167,"y":0.172},"i":{"x":0.833,"y":0.839},"s":[77.313,77.313],"t":75},{"o":{"x":0.167,"y":0.173},"i":{"x":0.833,"y":0.84},"s":[81.377,81.377],"t":76},{"o":{"x":0.167,"y":0.174},"i":{"x":0.833,"y":0.842},"s":[85.16,85.16],"t":77},{"o":{"x":0.167,"y":0.176},"i":{"x":0.833,"y":0.844},"s":[88.629,88.629],"t":78},{"o":{"x":0.167,"y":0.179},"i":{"x":0.833,"y":0.847},"s":[91.745,91.745],"t":79},{"o":{"x":0.167,"y":0.183},"i":{"x":0.833,"y":0.853},"s":[94.462,94.462],"t":80},{"o":{"x":0.167,"y":0.192},"i":{"x":0.833,"y":0.863},"s":[96.724,96.724],"t":81},{"o":{"x":0.167,"y":0.212},"i":{"x":0.833,"y":0.887},"s":[98.463,98.463],"t":82},{"o":{"x":0.167,"y":0.314},"i":{"x":0.833,"y":0.755},"s":[99.593,99.593],"t":83},{"o":{"x":0.167,"y":0.126},"i":{"x":0.833,"y":0.847},"s":[100,100],"t":84},{"o":{"x":0.167,"y":0.184},"i":{"x":0.833,"y":0.852},"s":[100.792,100.792],"t":85},{"o":{"x":0.167,"y":0.191},"i":{"x":0.833,"y":0.858},"s":[101.449,101.449],"t":86},{"o":{"x":0.167,"y":0.202},"i":{"x":0.833,"y":0.868},"s":[101.958,101.958],"t":87},{"o":{"x":0.167,"y":0.226},"i":{"x":0.833,"y":0.889},"s":[102.316,102.316],"t":88},{"o":{"x":0.167,"y":0.335},"i":{"x":0.833,"y":0.985},"s":[102.525,102.525],"t":89},{"o":{"x":0.167,"y":-0.019},"i":{"x":0.833,"y":0.675},"s":[102.594,102.594],"t":90},{"o":{"x":0.167,"y":0.112},"i":{"x":0.833,"y":0.789},"s":[102.538,102.538],"t":91},{"o":{"x":0.167,"y":0.138},"i":{"x":0.833,"y":0.812},"s":[102.374,102.374],"t":92},{"o":{"x":0.167,"y":0.15},"i":{"x":0.833,"y":0.822},"s":[102.124,102.124],"t":93},{"o":{"x":0.167,"y":0.157},"i":{"x":0.833,"y":0.828},"s":[101.809,101.809],"t":94},{"o":{"x":0.167,"y":0.162},"i":{"x":0.833,"y":0.833},"s":[101.453,101.453],"t":95},{"o":{"x":0.167,"y":0.166},"i":{"x":0.833,"y":0.837},"s":[101.075,101.075],"t":96},{"o":{"x":0.167,"y":0.17},"i":{"x":0.833,"y":0.84},"s":[100.696,100.696],"t":97},{"o":{"x":0.167,"y":0.174},"i":{"x":0.833,"y":0.844},"s":[100.333,100.333],"t":98},{"o":{"x":0.167,"y":0.179},"i":{"x":0.833,"y":0.847},"s":[100,100],"t":99},{"o":{"x":0.167,"y":0.184},"i":{"x":0.833,"y":0.852},"s":[99.709,99.709],"t":100},{"o":{"x":0.167,"y":0.191},"i":{"x":0.833,"y":0.858},"s":[99.467,99.467],"t":101},{"o":{"x":0.167,"y":0.202},"i":{"x":0.833,"y":0.868},"s":[99.28,99.28],"t":102},{"o":{"x":0.167,"y":0.226},"i":{"x":0.833,"y":0.889},"s":[99.148,99.148],"t":103},{"o":{"x":0.167,"y":0.335},"i":{"x":0.833,"y":0.985},"s":[99.071,99.071],"t":104},{"o":{"x":0.167,"y":-0.019},"i":{"x":0.833,"y":0.675},"s":[99.046,99.046],"t":105},{"o":{"x":0.167,"y":0.112},"i":{"x":0.833,"y":0.789},"s":[99.066,99.066],"t":106},{"o":{"x":0.167,"y":0.138},"i":{"x":0.833,"y":0.812},"s":[99.127,99.127],"t":107},{"o":{"x":0.167,"y":0.15},"i":{"x":0.833,"y":0.822},"s":[99.219,99.219],"t":108},{"o":{"x":0.167,"y":0.157},"i":{"x":0.833,"y":0.828},"s":[99.334,99.334],"t":109},{"o":{"x":0.167,"y":0.162},"i":{"x":0.833,"y":0.833},"s":[99.466,99.466],"t":110},{"o":{"x":0.167,"y":0.166},"i":{"x":0.833,"y":0.837},"s":[99.605,99.605],"t":111},{"o":{"x":0.167,"y":0.17},"i":{"x":0.833,"y":0.84},"s":[99.744,99.744],"t":112},{"o":{"x":0.167,"y":0.174},"i":{"x":0.833,"y":0.844},"s":[99.878,99.878],"t":113},{"o":{"x":0.167,"y":0.179},"i":{"x":0.833,"y":0.847},"s":[100,100],"t":114},{"o":{"x":0.167,"y":0.184},"i":{"x":0.833,"y":0.852},"s":[100.107,100.107],"t":115},{"o":{"x":0.167,"y":0.191},"i":{"x":0.833,"y":0.858},"s":[100.196,100.196],"t":116},{"o":{"x":0.167,"y":0.202},"i":{"x":0.833,"y":0.868},"s":[100.265,100.265],"t":117},{"o":{"x":0.167,"y":0.226},"i":{"x":0.833,"y":0.889},"s":[100.313,100.313],"t":118},{"o":{"x":0.167,"y":0.335},"i":{"x":0.833,"y":0.985},"s":[100.342,100.342],"t":119},{"o":{"x":0.167,"y":-0.019},"i":{"x":0.833,"y":0.675},"s":[100.351,100.351],"t":120},{"o":{"x":0.167,"y":0.112},"i":{"x":0.833,"y":0.789},"s":[100.343,100.343],"t":121},{"o":{"x":0.167,"y":0.138},"i":{"x":0.833,"y":0.812},"s":[100.321,100.321],"t":122},{"o":{"x":0.167,"y":0.15},"i":{"x":0.833,"y":0.822},"s":[100.287,100.287],"t":123},{"o":{"x":0.167,"y":0.157},"i":{"x":0.833,"y":0.828},"s":[100.245,100.245],"t":124},{"o":{"x":0.167,"y":0.162},"i":{"x":0.833,"y":0.833},"s":[100.197,100.197],"t":125},{"o":{"x":0.167,"y":0.166},"i":{"x":0.833,"y":0.837},"s":[100.145,100.145],"t":126},{"o":{"x":0.167,"y":0.17},"i":{"x":0.833,"y":0.84},"s":[100.094,100.094],"t":127},{"o":{"x":0.167,"y":0.174},"i":{"x":0.833,"y":0.844},"s":[100.045,100.045],"t":128},{"o":{"x":0.167,"y":0.179},"i":{"x":0.833,"y":0.847},"s":[100,100],"t":129},{"o":{"x":0.167,"y":0.184},"i":{"x":0.833,"y":0.852},"s":[99.961,99.961],"t":130},{"o":{"x":0.167,"y":0.191},"i":{"x":0.833,"y":0.858},"s":[99.928,99.928],"t":131},{"o":{"x":0.167,"y":0.202},"i":{"x":0.833,"y":0.868},"s":[99.902,99.902],"t":132},{"o":{"x":0.167,"y":0.226},"i":{"x":0.833,"y":0.889},"s":[99.885,99.885],"t":133},{"o":{"x":0.167,"y":0.335},"i":{"x":0.833,"y":0.985},"s":[99.874,99.874],"t":134},{"o":{"x":0.167,"y":-0.019},"i":{"x":0.833,"y":0.675},"s":[99.871,99.871],"t":135},{"o":{"x":0.167,"y":0.112},"i":{"x":0.833,"y":0.789},"s":[99.874,99.874],"t":136},{"o":{"x":0.167,"y":0.138},"i":{"x":0.833,"y":0.812},"s":[99.882,99.882],"t":137},{"o":{"x":0.167,"y":0.15},"i":{"x":0.833,"y":0.822},"s":[99.894,99.894],"t":138},{"o":{"x":0.167,"y":0.157},"i":{"x":0.833,"y":0.828},"s":[99.91,99.91],"t":139},{"o":{"x":0.167,"y":0.162},"i":{"x":0.833,"y":0.833},"s":[99.928,99.928],"t":140},{"o":{"x":0.167,"y":0.166},"i":{"x":0.833,"y":0.837},"s":[99.946,99.946],"t":141},{"o":{"x":0.167,"y":0.17},"i":{"x":0.833,"y":0.84},"s":[99.965,99.965],"t":142},{"o":{"x":0.167,"y":0.174},"i":{"x":0.833,"y":0.844},"s":[99.983,99.983],"t":143},{"o":{"x":0.167,"y":0.179},"i":{"x":0.833,"y":0.847},"s":[100,100],"t":144},{"o":{"x":0.167,"y":0.184},"i":{"x":0.833,"y":0.852},"s":[100.014,100.014],"t":145},{"o":{"x":0.167,"y":0.191},"i":{"x":0.833,"y":0.858},"s":[100.027,100.027],"t":146},{"o":{"x":0.167,"y":0.202},"i":{"x":0.833,"y":0.868},"s":[100.036,100.036],"t":147},{"o":{"x":0.167,"y":0.226},"i":{"x":0.833,"y":0.889},"s":[100.042,100.042],"t":148},{"o":{"x":0.167,"y":0.335},"i":{"x":0.833,"y":0.985},"s":[100.046,100.046],"t":149},{"o":{"x":0.167,"y":-0.019},"i":{"x":0.833,"y":0.675},"s":[100.048,100.048],"t":150},{"o":{"x":0.167,"y":0.112},"i":{"x":0.833,"y":0.789},"s":[100.046,100.046],"t":151},{"o":{"x":0.167,"y":0.138},"i":{"x":0.833,"y":0.812},"s":[100.043,100.043],"t":152},{"o":{"x":0.167,"y":0.15},"i":{"x":0.833,"y":0.822},"s":[100.039,100.039],"t":153},{"o":{"x":0.167,"y":0.157},"i":{"x":0.833,"y":0.828},"s":[100.033,100.033],"t":154},{"o":{"x":0.167,"y":0.162},"i":{"x":0.833,"y":0.833},"s":[100.027,100.027],"t":155},{"o":{"x":0.167,"y":0.166},"i":{"x":0.833,"y":0.837},"s":[100.02,100.02],"t":156},{"o":{"x":0.167,"y":0.17},"i":{"x":0.833,"y":0.84},"s":[100.013,100.013],"t":157},{"o":{"x":0.167,"y":0.174},"i":{"x":0.833,"y":0.844},"s":[100.006,100.006],"t":158},{"o":{"x":0.167,"y":0.179},"i":{"x":0.833,"y":0.847},"s":[100,100],"t":159},{"o":{"x":0.167,"y":0.184},"i":{"x":0.833,"y":0.852},"s":[99.995,99.995],"t":160},{"o":{"x":0.167,"y":0.191},"i":{"x":0.833,"y":0.858},"s":[99.99,99.99],"t":161},{"o":{"x":0.167,"y":0.202},"i":{"x":0.833,"y":0.868},"s":[99.987,99.987],"t":162},{"o":{"x":0.167,"y":0.226},"i":{"x":0.833,"y":0.889},"s":[99.984,99.984],"t":163},{"o":{"x":0.167,"y":0.335},"i":{"x":0.833,"y":0.985},"s":[99.983,99.983],"t":164},{"o":{"x":0.167,"y":-0.019},"i":{"x":0.833,"y":0.675},"s":[99.983,99.983],"t":165},{"o":{"x":0.167,"y":0.112},"i":{"x":0.833,"y":0.789},"s":[99.983,99.983],"t":166},{"o":{"x":0.167,"y":0.138},"i":{"x":0.833,"y":0.812},"s":[99.984,99.984],"t":167},{"o":{"x":0.167,"y":0.15},"i":{"x":0.833,"y":0.822},"s":[99.986,99.986],"t":168},{"o":{"x":0.167,"y":0.157},"i":{"x":0.833,"y":0.828},"s":[99.988,99.988],"t":169},{"o":{"x":0.167,"y":0.162},"i":{"x":0.833,"y":0.833},"s":[99.99,99.99],"t":170},{"o":{"x":0.167,"y":0.166},"i":{"x":0.833,"y":0.837},"s":[99.993,99.993],"t":171},{"o":{"x":0.167,"y":0.17},"i":{"x":0.833,"y":0.84},"s":[99.995,99.995],"t":172},{"o":{"x":0.167,"y":0.174},"i":{"x":0.833,"y":0.844},"s":[99.998,99.998],"t":173},{"o":{"x":0.167,"y":0.179},"i":{"x":0.833,"y":0.847},"s":[100,100],"t":174},{"o":{"x":0.167,"y":0.184},"i":{"x":0.833,"y":0.852},"s":[100.002,100.002],"t":175},{"o":{"x":0.167,"y":0.191},"i":{"x":0.833,"y":0.858},"s":[100.004,100.004],"t":176},{"o":{"x":0.167,"y":0.202},"i":{"x":0.833,"y":0.868},"s":[100.005,100.005],"t":177},{"o":{"x":0.167,"y":0.226},"i":{"x":0.833,"y":0.833},"s":[100.006,100.006],"t":178},{"s":[100.006,100.006],"t":179}],"ix":3},"sk":{"a":0,"k":0,"ix":4},"p":{"a":0,"k":[152.229,49.046],"ix":2},"r":{"a":0,"k":0,"ix":6},"sa":{"a":0,"k":0,"ix":5},"o":{"a":0,"k":100,"ix":7}}]},{"ty":"gr","bm":0,"hd":false,"mn":"ADBE Vector Group","nm":"w","ix":2,"cix":2,"np":1,"it":[{"ty":"sh","bm":0,"hd":false,"mn":"ADBE Vector Shape - Group","nm":"Path 1","ix":1,"d":1,"ks":{"a":0,"k":{"c":true,"i":[[0,0],[0,0],[0,0],[0,0],[-1.373,-3.15],[0,0],[0.194,4.221],[0,0],[0,0],[0,0],[-1.411,-3.502],[0,0],[0.306,4.041],[0,0],[0,0],[0,0],[0,0],[0,0],[1.338,3.624],[0,0],[-0.057,-3.487],[0,0]],"o":[[0,0],[0,0],[0,0],[1.716,3.685],[0,0],[-0.363,-3.663],[0,0],[0,0],[0,0],[1.705,3.636],[0,0],[-0.436,-3.751],[0,0],[0,0],[0,0],[0,0],[0,0],[-1.469,-3.127],[0,0],[0.352,3.824],[0,0],[0,0]],"v":[[-4.848,20.639],[-20.944,-9.965],[-13.007,-11.987],[-7.096,0.821],[-2.252,11.686],[-2.157,11.663],[-2.932,-0.342],[-3.556,-14.396],[4.335,-16.408],[10.464,-3.343],[15.002,7.137],[15.098,7.114],[14.115,-4.685],[13.397,-18.716],[20.944,-20.639],[20.776,14.11],[12.735,16.16],[6.385,2.847],[2.267,-6.818],[2.168,-6.792],[2.829,3.749],[3.288,18.568]]},"ix":2}},{"ty":"tr","a":{"a":0,"k":[0,0],"ix":1},"s":{"a":1,"k":[{"o":{"x":0.167,"y":0},"i":{"x":0.833,"y":1},"s":[0,0],"t":0},{"o":{"x":0.167,"y":0},"i":{"x":0.833,"y":1},"s":[0,0],"t":1},{"o":{"x":0.167,"y":0},"i":{"x":0.833,"y":1},"s":[0,0],"t":2},{"o":{"x":0.167,"y":0},"i":{"x":0.833,"y":1},"s":[0,0],"t":3},{"o":{"x":0.167,"y":0},"i":{"x":0.833,"y":1},"s":[0,0],"t":4},{"o":{"x":0.167,"y":0},"i":{"x":0.833,"y":1},"s":[0,0],"t":5},{"o":{"x":0.167,"y":0},"i":{"x":0.833,"y":1},"s":[0,0],"t":6},{"o":{"x":0.167,"y":0},"i":{"x":0.833,"y":1},"s":[0,0],"t":7},{"o":{"x":0.167,"y":0},"i":{"x":0.833,"y":1},"s":[0,0],"t":8},{"o":{"x":0.167,"y":0},"i":{"x":0.833,"y":1},"s":[0,0],"t":9},{"o":{"x":0.167,"y":0},"i":{"x":0.833,"y":1},"s":[0,0],"t":10},{"o":{"x":0.167,"y":0},"i":{"x":0.833,"y":1},"s":[0,0],"t":11},{"o":{"x":0.167,"y":0},"i":{"x":0.833,"y":1},"s":[0,0],"t":12},{"o":{"x":0.167,"y":0},"i":{"x":0.833,"y":1},"s":[0,0],"t":13},{"o":{"x":0.167,"y":0},"i":{"x":0.833,"y":1},"s":[0,0],"t":14},{"o":{"x":0.167,"y":0},"i":{"x":0.833,"y":1},"s":[0,0],"t":15},{"o":{"x":0.167,"y":0},"i":{"x":0.833,"y":1},"s":[0,0],"t":16},{"o":{"x":0.167,"y":0},"i":{"x":0.833,"y":1},"s":[0,0],"t":17},{"o":{"x":0.167,"y":0},"i":{"x":0.833,"y":1},"s":[0,0],"t":18},{"o":{"x":0.167,"y":0},"i":{"x":0.833,"y":1},"s":[0,0],"t":19},{"o":{"x":0.167,"y":0},"i":{"x":0.833,"y":1},"s":[0,0],"t":20},{"o":{"x":0.167,"y":0},"i":{"x":0.833,"y":1},"s":[0,0],"t":21},{"o":{"x":0.167,"y":0},"i":{"x":0.833,"y":1},"s":[0,0],"t":22},{"o":{"x":0.167,"y":0},"i":{"x":0.833,"y":1},"s":[0,0],"t":23},{"o":{"x":0.167,"y":0},"i":{"x":0.833,"y":1},"s":[0,0],"t":24},{"o":{"x":0.167,"y":0},"i":{"x":0.833,"y":1},"s":[0,0],"t":25},{"o":{"x":0.167,"y":0},"i":{"x":0.833,"y":1},"s":[0,0],"t":26},{"o":{"x":0.167,"y":0},"i":{"x":0.833,"y":1},"s":[0,0],"t":27},{"o":{"x":0.167,"y":0},"i":{"x":0.833,"y":1},"s":[0,0],"t":28},{"o":{"x":0.167,"y":0},"i":{"x":0.833,"y":1},"s":[0,0],"t":29},{"o":{"x":0.167,"y":0},"i":{"x":0.833,"y":1},"s":[0,0],"t":30},{"o":{"x":0.167,"y":0},"i":{"x":0.833,"y":1},"s":[0,0],"t":31},{"o":{"x":0.167,"y":0},"i":{"x":0.833,"y":1},"s":[0,0],"t":32},{"o":{"x":0.167,"y":0},"i":{"x":0.833,"y":1},"s":[0,0],"t":33},{"o":{"x":0.167,"y":0},"i":{"x":0.833,"y":1},"s":[0,0],"t":34},{"o":{"x":0.167,"y":0},"i":{"x":0.833,"y":1},"s":[0,0],"t":35},{"o":{"x":0.167,"y":0},"i":{"x":0.833,"y":1},"s":[0,0],"t":36},{"o":{"x":0.167,"y":0},"i":{"x":0.833,"y":1},"s":[0,0],"t":37},{"o":{"x":0.167,"y":0},"i":{"x":0.833,"y":1},"s":[0,0],"t":38},{"o":{"x":0.167,"y":0},"i":{"x":0.833,"y":1},"s":[0,0],"t":39},{"o":{"x":0.167,"y":0},"i":{"x":0.833,"y":1},"s":[0,0],"t":40},{"o":{"x":0.167,"y":0},"i":{"x":0.833,"y":1},"s":[0,0],"t":41},{"o":{"x":0.167,"y":0},"i":{"x":0.833,"y":1},"s":[0,0],"t":42},{"o":{"x":0.167,"y":0},"i":{"x":0.833,"y":1},"s":[0,0],"t":43},{"o":{"x":0.167,"y":0},"i":{"x":0.833,"y":1},"s":[0,0],"t":44},{"o":{"x":0.167,"y":0},"i":{"x":0.833,"y":1},"s":[0,0],"t":45},{"o":{"x":0.167,"y":0},"i":{"x":0.833,"y":1},"s":[0,0],"t":46},{"o":{"x":0.167,"y":0},"i":{"x":0.833,"y":0.612},"s":[0,0],"t":47},{"o":{"x":0.167,"y":0.083},"i":{"x":0.833,"y":0.823},"s":[0,0],"t":48},{"o":{"x":0.167,"y":0.158},"i":{"x":0.833,"y":0.829},"s":[4.661,4.661],"t":49},{"o":{"x":0.167,"y":0.163},"i":{"x":0.833,"y":0.832},"s":[9.876,9.876],"t":50},{"o":{"x":0.167,"y":0.165},"i":{"x":0.833,"y":0.833},"s":[15.336,15.336],"t":51},{"o":{"x":0.167,"y":0.166},"i":{"x":0.833,"y":0.834},"s":[20.906,20.906],"t":52},{"o":{"x":0.167,"y":0.167},"i":{"x":0.833,"y":0.834},"s":[26.509,26.509],"t":53},{"o":{"x":0.167,"y":0.167},"i":{"x":0.833,"y":0.835},"s":[32.097,32.097],"t":54},{"o":{"x":0.167,"y":0.168},"i":{"x":0.833,"y":0.835},"s":[37.635,37.635],"t":55},{"o":{"x":0.167,"y":0.168},"i":{"x":0.833,"y":0.835},"s":[43.094,43.094],"t":56},{"o":{"x":0.167,"y":0.169},"i":{"x":0.833,"y":0.836},"s":[48.451,48.451],"t":57},{"o":{"x":0.167,"y":0.169},"i":{"x":0.833,"y":0.836},"s":[53.685,53.685],"t":58},{"o":{"x":0.167,"y":0.169},"i":{"x":0.833,"y":0.836},"s":[58.777,58.777],"t":59},{"o":{"x":0.167,"y":0.17},"i":{"x":0.833,"y":0.837},"s":[63.706,63.706],"t":60},{"o":{"x":0.167,"y":0.17},"i":{"x":0.833,"y":0.837},"s":[68.453,68.453],"t":61},{"o":{"x":0.167,"y":0.171},"i":{"x":0.833,"y":0.838},"s":[72.997,72.997],"t":62},{"o":{"x":0.167,"y":0.172},"i":{"x":0.833,"y":0.839},"s":[77.313,77.313],"t":63},{"o":{"x":0.167,"y":0.173},"i":{"x":0.833,"y":0.84},"s":[81.377,81.377],"t":64},{"o":{"x":0.167,"y":0.174},"i":{"x":0.833,"y":0.842},"s":[85.16,85.16],"t":65},{"o":{"x":0.167,"y":0.176},"i":{"x":0.833,"y":0.844},"s":[88.629,88.629],"t":66},{"o":{"x":0.167,"y":0.179},"i":{"x":0.833,"y":0.847},"s":[91.745,91.745],"t":67},{"o":{"x":0.167,"y":0.183},"i":{"x":0.833,"y":0.853},"s":[94.462,94.462],"t":68},{"o":{"x":0.167,"y":0.192},"i":{"x":0.833,"y":0.863},"s":[96.724,96.724],"t":69},{"o":{"x":0.167,"y":0.212},"i":{"x":0.833,"y":0.887},"s":[98.463,98.463],"t":70},{"o":{"x":0.167,"y":0.314},"i":{"x":0.833,"y":0.755},"s":[99.593,99.593],"t":71},{"o":{"x":0.167,"y":0.126},"i":{"x":0.833,"y":0.847},"s":[100,100],"t":72},{"o":{"x":0.167,"y":0.184},"i":{"x":0.833,"y":0.852},"s":[100.792,100.792],"t":73},{"o":{"x":0.167,"y":0.191},"i":{"x":0.833,"y":0.858},"s":[101.449,101.449],"t":74},{"o":{"x":0.167,"y":0.202},"i":{"x":0.833,"y":0.868},"s":[101.958,101.958],"t":75},{"o":{"x":0.167,"y":0.226},"i":{"x":0.833,"y":0.889},"s":[102.316,102.316],"t":76},{"o":{"x":0.167,"y":0.335},"i":{"x":0.833,"y":0.985},"s":[102.525,102.525],"t":77},{"o":{"x":0.167,"y":-0.019},"i":{"x":0.833,"y":0.675},"s":[102.594,102.594],"t":78},{"o":{"x":0.167,"y":0.112},"i":{"x":0.833,"y":0.789},"s":[102.538,102.538],"t":79},{"o":{"x":0.167,"y":0.138},"i":{"x":0.833,"y":0.812},"s":[102.374,102.374],"t":80},{"o":{"x":0.167,"y":0.15},"i":{"x":0.833,"y":0.822},"s":[102.124,102.124],"t":81},{"o":{"x":0.167,"y":0.157},"i":{"x":0.833,"y":0.828},"s":[101.809,101.809],"t":82},{"o":{"x":0.167,"y":0.162},"i":{"x":0.833,"y":0.833},"s":[101.453,101.453],"t":83},{"o":{"x":0.167,"y":0.166},"i":{"x":0.833,"y":0.837},"s":[101.075,101.075],"t":84},{"o":{"x":0.167,"y":0.17},"i":{"x":0.833,"y":0.84},"s":[100.696,100.696],"t":85},{"o":{"x":0.167,"y":0.174},"i":{"x":0.833,"y":0.844},"s":[100.333,100.333],"t":86},{"o":{"x":0.167,"y":0.179},"i":{"x":0.833,"y":0.847},"s":[100,100],"t":87},{"o":{"x":0.167,"y":0.184},"i":{"x":0.833,"y":0.852},"s":[99.709,99.709],"t":88},{"o":{"x":0.167,"y":0.191},"i":{"x":0.833,"y":0.858},"s":[99.467,99.467],"t":89},{"o":{"x":0.167,"y":0.202},"i":{"x":0.833,"y":0.868},"s":[99.28,99.28],"t":90},{"o":{"x":0.167,"y":0.226},"i":{"x":0.833,"y":0.889},"s":[99.148,99.148],"t":91},{"o":{"x":0.167,"y":0.335},"i":{"x":0.833,"y":0.985},"s":[99.071,99.071],"t":92},{"o":{"x":0.167,"y":-0.019},"i":{"x":0.833,"y":0.675},"s":[99.046,99.046],"t":93},{"o":{"x":0.167,"y":0.112},"i":{"x":0.833,"y":0.789},"s":[99.066,99.066],"t":94},{"o":{"x":0.167,"y":0.138},"i":{"x":0.833,"y":0.812},"s":[99.127,99.127],"t":95},{"o":{"x":0.167,"y":0.15},"i":{"x":0.833,"y":0.822},"s":[99.219,99.219],"t":96},{"o":{"x":0.167,"y":0.157},"i":{"x":0.833,"y":0.828},"s":[99.334,99.334],"t":97},{"o":{"x":0.167,"y":0.162},"i":{"x":0.833,"y":0.833},"s":[99.466,99.466],"t":98},{"o":{"x":0.167,"y":0.166},"i":{"x":0.833,"y":0.837},"s":[99.605,99.605],"t":99},{"o":{"x":0.167,"y":0.17},"i":{"x":0.833,"y":0.84},"s":[99.744,99.744],"t":100},{"o":{"x":0.167,"y":0.174},"i":{"x":0.833,"y":0.844},"s":[99.878,99.878],"t":101},{"o":{"x":0.167,"y":0.179},"i":{"x":0.833,"y":0.847},"s":[100,100],"t":102},{"o":{"x":0.167,"y":0.184},"i":{"x":0.833,"y":0.852},"s":[100.107,100.107],"t":103},{"o":{"x":0.167,"y":0.191},"i":{"x":0.833,"y":0.858},"s":[100.196,100.196],"t":104},{"o":{"x":0.167,"y":0.202},"i":{"x":0.833,"y":0.868},"s":[100.265,100.265],"t":105},{"o":{"x":0.167,"y":0.226},"i":{"x":0.833,"y":0.889},"s":[100.313,100.313],"t":106},{"o":{"x":0.167,"y":0.335},"i":{"x":0.833,"y":0.985},"s":[100.342,100.342],"t":107},{"o":{"x":0.167,"y":-0.019},"i":{"x":0.833,"y":0.675},"s":[100.351,100.351],"t":108},{"o":{"x":0.167,"y":0.112},"i":{"x":0.833,"y":0.789},"s":[100.343,100.343],"t":109},{"o":{"x":0.167,"y":0.138},"i":{"x":0.833,"y":0.812},"s":[100.321,100.321],"t":110},{"o":{"x":0.167,"y":0.15},"i":{"x":0.833,"y":0.822},"s":[100.287,100.287],"t":111},{"o":{"x":0.167,"y":0.157},"i":{"x":0.833,"y":0.828},"s":[100.245,100.245],"t":112},{"o":{"x":0.167,"y":0.162},"i":{"x":0.833,"y":0.833},"s":[100.197,100.197],"t":113},{"o":{"x":0.167,"y":0.166},"i":{"x":0.833,"y":0.837},"s":[100.145,100.145],"t":114},{"o":{"x":0.167,"y":0.17},"i":{"x":0.833,"y":0.84},"s":[100.094,100.094],"t":115},{"o":{"x":0.167,"y":0.174},"i":{"x":0.833,"y":0.844},"s":[100.045,100.045],"t":116},{"o":{"x":0.167,"y":0.179},"i":{"x":0.833,"y":0.847},"s":[100,100],"t":117},{"o":{"x":0.167,"y":0.184},"i":{"x":0.833,"y":0.852},"s":[99.961,99.961],"t":118},{"o":{"x":0.167,"y":0.191},"i":{"x":0.833,"y":0.858},"s":[99.928,99.928],"t":119},{"o":{"x":0.167,"y":0.202},"i":{"x":0.833,"y":0.868},"s":[99.902,99.902],"t":120},{"o":{"x":0.167,"y":0.226},"i":{"x":0.833,"y":0.889},"s":[99.885,99.885],"t":121},{"o":{"x":0.167,"y":0.335},"i":{"x":0.833,"y":0.985},"s":[99.874,99.874],"t":122},{"o":{"x":0.167,"y":-0.019},"i":{"x":0.833,"y":0.675},"s":[99.871,99.871],"t":123},{"o":{"x":0.167,"y":0.112},"i":{"x":0.833,"y":0.789},"s":[99.874,99.874],"t":124},{"o":{"x":0.167,"y":0.138},"i":{"x":0.833,"y":0.812},"s":[99.882,99.882],"t":125},{"o":{"x":0.167,"y":0.15},"i":{"x":0.833,"y":0.822},"s":[99.894,99.894],"t":126},{"o":{"x":0.167,"y":0.157},"i":{"x":0.833,"y":0.828},"s":[99.91,99.91],"t":127},{"o":{"x":0.167,"y":0.162},"i":{"x":0.833,"y":0.833},"s":[99.928,99.928],"t":128},{"o":{"x":0.167,"y":0.166},"i":{"x":0.833,"y":0.837},"s":[99.946,99.946],"t":129},{"o":{"x":0.167,"y":0.17},"i":{"x":0.833,"y":0.84},"s":[99.965,99.965],"t":130},{"o":{"x":0.167,"y":0.174},"i":{"x":0.833,"y":0.844},"s":[99.983,99.983],"t":131},{"o":{"x":0.167,"y":0.179},"i":{"x":0.833,"y":0.847},"s":[100,100],"t":132},{"o":{"x":0.167,"y":0.184},"i":{"x":0.833,"y":0.852},"s":[100.014,100.014],"t":133},{"o":{"x":0.167,"y":0.191},"i":{"x":0.833,"y":0.858},"s":[100.027,100.027],"t":134},{"o":{"x":0.167,"y":0.202},"i":{"x":0.833,"y":0.868},"s":[100.036,100.036],"t":135},{"o":{"x":0.167,"y":0.226},"i":{"x":0.833,"y":0.889},"s":[100.042,100.042],"t":136},{"o":{"x":0.167,"y":0.335},"i":{"x":0.833,"y":0.985},"s":[100.046,100.046],"t":137},{"o":{"x":0.167,"y":-0.019},"i":{"x":0.833,"y":0.675},"s":[100.048,100.048],"t":138},{"o":{"x":0.167,"y":0.112},"i":{"x":0.833,"y":0.789},"s":[100.046,100.046],"t":139},{"o":{"x":0.167,"y":0.138},"i":{"x":0.833,"y":0.812},"s":[100.043,100.043],"t":140},{"o":{"x":0.167,"y":0.15},"i":{"x":0.833,"y":0.822},"s":[100.039,100.039],"t":141},{"o":{"x":0.167,"y":0.157},"i":{"x":0.833,"y":0.828},"s":[100.033,100.033],"t":142},{"o":{"x":0.167,"y":0.162},"i":{"x":0.833,"y":0.833},"s":[100.027,100.027],"t":143},{"o":{"x":0.167,"y":0.166},"i":{"x":0.833,"y":0.837},"s":[100.02,100.02],"t":144},{"o":{"x":0.167,"y":0.17},"i":{"x":0.833,"y":0.84},"s":[100.013,100.013],"t":145},{"o":{"x":0.167,"y":0.174},"i":{"x":0.833,"y":0.844},"s":[100.006,100.006],"t":146},{"o":{"x":0.167,"y":0.179},"i":{"x":0.833,"y":0.847},"s":[100,100],"t":147},{"o":{"x":0.167,"y":0.184},"i":{"x":0.833,"y":0.852},"s":[99.995,99.995],"t":148},{"o":{"x":0.167,"y":0.191},"i":{"x":0.833,"y":0.858},"s":[99.99,99.99],"t":149},{"o":{"x":0.167,"y":0.202},"i":{"x":0.833,"y":0.868},"s":[99.987,99.987],"t":150},{"o":{"x":0.167,"y":0.226},"i":{"x":0.833,"y":0.889},"s":[99.984,99.984],"t":151},{"o":{"x":0.167,"y":0.335},"i":{"x":0.833,"y":0.985},"s":[99.983,99.983],"t":152},{"o":{"x":0.167,"y":-0.019},"i":{"x":0.833,"y":0.675},"s":[99.983,99.983],"t":153},{"o":{"x":0.167,"y":0.112},"i":{"x":0.833,"y":0.789},"s":[99.983,99.983],"t":154},{"o":{"x":0.167,"y":0.138},"i":{"x":0.833,"y":0.812},"s":[99.984,99.984],"t":155},{"o":{"x":0.167,"y":0.15},"i":{"x":0.833,"y":0.822},"s":[99.986,99.986],"t":156},{"o":{"x":0.167,"y":0.157},"i":{"x":0.833,"y":0.828},"s":[99.988,99.988],"t":157},{"o":{"x":0.167,"y":0.162},"i":{"x":0.833,"y":0.833},"s":[99.99,99.99],"t":158},{"o":{"x":0.167,"y":0.166},"i":{"x":0.833,"y":0.837},"s":[99.993,99.993],"t":159},{"o":{"x":0.167,"y":0.17},"i":{"x":0.833,"y":0.84},"s":[99.995,99.995],"t":160},{"o":{"x":0.167,"y":0.174},"i":{"x":0.833,"y":0.844},"s":[99.998,99.998],"t":161},{"o":{"x":0.167,"y":0.179},"i":{"x":0.833,"y":0.847},"s":[100,100],"t":162},{"o":{"x":0.167,"y":0.184},"i":{"x":0.833,"y":0.852},"s":[100.002,100.002],"t":163},{"o":{"x":0.167,"y":0.191},"i":{"x":0.833,"y":0.858},"s":[100.004,100.004],"t":164},{"o":{"x":0.167,"y":0.202},"i":{"x":0.833,"y":0.868},"s":[100.005,100.005],"t":165},{"o":{"x":0.167,"y":0.226},"i":{"x":0.833,"y":0.889},"s":[100.006,100.006],"t":166},{"o":{"x":0.167,"y":0.335},"i":{"x":0.833,"y":0.985},"s":[100.006,100.006],"t":167},{"o":{"x":0.167,"y":-0.019},"i":{"x":0.833,"y":0.675},"s":[100.006,100.006],"t":168},{"o":{"x":0.167,"y":0.112},"i":{"x":0.833,"y":0.789},"s":[100.006,100.006],"t":169},{"o":{"x":0.167,"y":0.138},"i":{"x":0.833,"y":0.812},"s":[100.006,100.006],"t":170},{"o":{"x":0.167,"y":0.15},"i":{"x":0.833,"y":0.822},"s":[100.005,100.005],"t":171},{"o":{"x":0.167,"y":0.157},"i":{"x":0.833,"y":0.828},"s":[100.004,100.004],"t":172},{"o":{"x":0.167,"y":0.162},"i":{"x":0.833,"y":0.833},"s":[100.004,100.004],"t":173},{"o":{"x":0.167,"y":0.166},"i":{"x":0.833,"y":0.837},"s":[100.003,100.003],"t":174},{"o":{"x":0.167,"y":0.17},"i":{"x":0.833,"y":0.84},"s":[100.002,100.002],"t":175},{"o":{"x":0.167,"y":0.174},"i":{"x":0.833,"y":0.844},"s":[100.001,100.001],"t":176},{"o":{"x":0.167,"y":0.179},"i":{"x":0.833,"y":0.847},"s":[100,100],"t":177},{"o":{"x":0.167,"y":0.184},"i":{"x":0.833,"y":0.833},"s":[99.999,99.999],"t":178},{"s":[99.999,99.999],"t":179}],"ix":3},"sk":{"a":0,"k":0,"ix":4},"p":{"a":0,"k":[113.479,56.794],"ix":2},"r":{"a":0,"k":0,"ix":6},"sa":{"a":0,"k":0,"ix":5},"o":{"a":0,"k":100,"ix":7}}]},{"ty":"gr","bm":0,"hd":false,"mn":"ADBE Vector Group","nm":"e","ix":3,"cix":2,"np":1,"it":[{"ty":"sh","bm":0,"hd":false,"mn":"ADBE Vector Shape - Group","nm":"Path 1","ix":1,"d":1,"ks":{"a":0,"k":{"c":true,"i":[[0,0],[0,0],[0,0],[0,0],[0,0],[0,0],[0,0],[0,0],[0,0],[0,0],[0,0],[0,0]],"o":[[0,0],[0,0],[0,0],[0,0],[0,0],[0,0],[0,0],[0,0],[0,0],[0,0],[0,0],[0,0]],"v":[[9.7,0.117],[-2.378,3.195],[-0.409,10.933],[13.083,7.496],[14.624,13.54],[-6.32,18.877],[-14.624,-13.716],[5.639,-18.877],[7.177,-12.836],[-5.632,-9.571],[-3.908,-2.797],[8.175,-5.878]]},"ix":2}},{"ty":"tr","a":{"a":0,"k":[0,0],"ix":1},"s":{"a":1,"k":[{"o":{"x":0.167,"y":0},"i":{"x":0.833,"y":1},"s":[0,0],"t":0},{"o":{"x":0.167,"y":0},"i":{"x":0.833,"y":1},"s":[0,0],"t":1},{"o":{"x":0.167,"y":0},"i":{"x":0.833,"y":1},"s":[0,0],"t":2},{"o":{"x":0.167,"y":0},"i":{"x":0.833,"y":1},"s":[0,0],"t":3},{"o":{"x":0.167,"y":0},"i":{"x":0.833,"y":1},"s":[0,0],"t":4},{"o":{"x":0.167,"y":0},"i":{"x":0.833,"y":1},"s":[0,0],"t":5},{"o":{"x":0.167,"y":0},"i":{"x":0.833,"y":1},"s":[0,0],"t":6},{"o":{"x":0.167,"y":0},"i":{"x":0.833,"y":1},"s":[0,0],"t":7},{"o":{"x":0.167,"y":0},"i":{"x":0.833,"y":1},"s":[0,0],"t":8},{"o":{"x":0.167,"y":0},"i":{"x":0.833,"y":1},"s":[0,0],"t":9},{"o":{"x":0.167,"y":0},"i":{"x":0.833,"y":1},"s":[0,0],"t":10},{"o":{"x":0.167,"y":0},"i":{"x":0.833,"y":1},"s":[0,0],"t":11},{"o":{"x":0.167,"y":0},"i":{"x":0.833,"y":1},"s":[0,0],"t":12},{"o":{"x":0.167,"y":0},"i":{"x":0.833,"y":1},"s":[0,0],"t":13},{"o":{"x":0.167,"y":0},"i":{"x":0.833,"y":1},"s":[0,0],"t":14},{"o":{"x":0.167,"y":0},"i":{"x":0.833,"y":1},"s":[0,0],"t":15},{"o":{"x":0.167,"y":0},"i":{"x":0.833,"y":1},"s":[0,0],"t":16},{"o":{"x":0.167,"y":0},"i":{"x":0.833,"y":1},"s":[0,0],"t":17},{"o":{"x":0.167,"y":0},"i":{"x":0.833,"y":1},"s":[0,0],"t":18},{"o":{"x":0.167,"y":0},"i":{"x":0.833,"y":1},"s":[0,0],"t":19},{"o":{"x":0.167,"y":0},"i":{"x":0.833,"y":1},"s":[0,0],"t":20},{"o":{"x":0.167,"y":0},"i":{"x":0.833,"y":1},"s":[0,0],"t":21},{"o":{"x":0.167,"y":0},"i":{"x":0.833,"y":1},"s":[0,0],"t":22},{"o":{"x":0.167,"y":0},"i":{"x":0.833,"y":1},"s":[0,0],"t":23},{"o":{"x":0.167,"y":0},"i":{"x":0.833,"y":1},"s":[0,0],"t":24},{"o":{"x":0.167,"y":0},"i":{"x":0.833,"y":1},"s":[0,0],"t":25},{"o":{"x":0.167,"y":0},"i":{"x":0.833,"y":1},"s":[0,0],"t":26},{"o":{"x":0.167,"y":0},"i":{"x":0.833,"y":1},"s":[0,0],"t":27},{"o":{"x":0.167,"y":0},"i":{"x":0.833,"y":1},"s":[0,0],"t":28},{"o":{"x":0.167,"y":0},"i":{"x":0.833,"y":1},"s":[0,0],"t":29},{"o":{"x":0.167,"y":0},"i":{"x":0.833,"y":1},"s":[0,0],"t":30},{"o":{"x":0.167,"y":0},"i":{"x":0.833,"y":1},"s":[0,0],"t":31},{"o":{"x":0.167,"y":0},"i":{"x":0.833,"y":1},"s":[0,0],"t":32},{"o":{"x":0.167,"y":0},"i":{"x":0.833,"y":1},"s":[0,0],"t":33},{"o":{"x":0.167,"y":0},"i":{"x":0.833,"y":1},"s":[0,0],"t":34},{"o":{"x":0.167,"y":0},"i":{"x":0.833,"y":0.612},"s":[0,0],"t":35},{"o":{"x":0.167,"y":0.083},"i":{"x":0.833,"y":0.823},"s":[0,0],"t":36},{"o":{"x":0.167,"y":0.158},"i":{"x":0.833,"y":0.829},"s":[4.661,4.661],"t":37},{"o":{"x":0.167,"y":0.163},"i":{"x":0.833,"y":0.832},"s":[9.876,9.876],"t":38},{"o":{"x":0.167,"y":0.165},"i":{"x":0.833,"y":0.833},"s":[15.336,15.336],"t":39},{"o":{"x":0.167,"y":0.166},"i":{"x":0.833,"y":0.834},"s":[20.906,20.906],"t":40},{"o":{"x":0.167,"y":0.167},"i":{"x":0.833,"y":0.834},"s":[26.509,26.509],"t":41},{"o":{"x":0.167,"y":0.167},"i":{"x":0.833,"y":0.835},"s":[32.097,32.097],"t":42},{"o":{"x":0.167,"y":0.168},"i":{"x":0.833,"y":0.835},"s":[37.635,37.635],"t":43},{"o":{"x":0.167,"y":0.168},"i":{"x":0.833,"y":0.835},"s":[43.094,43.094],"t":44},{"o":{"x":0.167,"y":0.169},"i":{"x":0.833,"y":0.836},"s":[48.451,48.451],"t":45},{"o":{"x":0.167,"y":0.169},"i":{"x":0.833,"y":0.836},"s":[53.685,53.685],"t":46},{"o":{"x":0.167,"y":0.169},"i":{"x":0.833,"y":0.836},"s":[58.777,58.777],"t":47},{"o":{"x":0.167,"y":0.17},"i":{"x":0.833,"y":0.837},"s":[63.706,63.706],"t":48},{"o":{"x":0.167,"y":0.17},"i":{"x":0.833,"y":0.837},"s":[68.453,68.453],"t":49},{"o":{"x":0.167,"y":0.171},"i":{"x":0.833,"y":0.838},"s":[72.997,72.997],"t":50},{"o":{"x":0.167,"y":0.172},"i":{"x":0.833,"y":0.839},"s":[77.313,77.313],"t":51},{"o":{"x":0.167,"y":0.173},"i":{"x":0.833,"y":0.84},"s":[81.377,81.377],"t":52},{"o":{"x":0.167,"y":0.174},"i":{"x":0.833,"y":0.842},"s":[85.16,85.16],"t":53},{"o":{"x":0.167,"y":0.176},"i":{"x":0.833,"y":0.844},"s":[88.629,88.629],"t":54},{"o":{"x":0.167,"y":0.179},"i":{"x":0.833,"y":0.847},"s":[91.745,91.745],"t":55},{"o":{"x":0.167,"y":0.183},"i":{"x":0.833,"y":0.853},"s":[94.462,94.462],"t":56},{"o":{"x":0.167,"y":0.192},"i":{"x":0.833,"y":0.863},"s":[96.724,96.724],"t":57},{"o":{"x":0.167,"y":0.212},"i":{"x":0.833,"y":0.887},"s":[98.463,98.463],"t":58},{"o":{"x":0.167,"y":0.314},"i":{"x":0.833,"y":0.755},"s":[99.593,99.593],"t":59},{"o":{"x":0.167,"y":0.126},"i":{"x":0.833,"y":0.847},"s":[100,100],"t":60},{"o":{"x":0.167,"y":0.184},"i":{"x":0.833,"y":0.852},"s":[100.792,100.792],"t":61},{"o":{"x":0.167,"y":0.191},"i":{"x":0.833,"y":0.858},"s":[101.449,101.449],"t":62},{"o":{"x":0.167,"y":0.202},"i":{"x":0.833,"y":0.868},"s":[101.958,101.958],"t":63},{"o":{"x":0.167,"y":0.226},"i":{"x":0.833,"y":0.889},"s":[102.316,102.316],"t":64},{"o":{"x":0.167,"y":0.335},"i":{"x":0.833,"y":0.985},"s":[102.525,102.525],"t":65},{"o":{"x":0.167,"y":-0.019},"i":{"x":0.833,"y":0.675},"s":[102.594,102.594],"t":66},{"o":{"x":0.167,"y":0.112},"i":{"x":0.833,"y":0.789},"s":[102.538,102.538],"t":67},{"o":{"x":0.167,"y":0.138},"i":{"x":0.833,"y":0.812},"s":[102.374,102.374],"t":68},{"o":{"x":0.167,"y":0.15},"i":{"x":0.833,"y":0.822},"s":[102.124,102.124],"t":69},{"o":{"x":0.167,"y":0.157},"i":{"x":0.833,"y":0.828},"s":[101.809,101.809],"t":70},{"o":{"x":0.167,"y":0.162},"i":{"x":0.833,"y":0.833},"s":[101.453,101.453],"t":71},{"o":{"x":0.167,"y":0.166},"i":{"x":0.833,"y":0.837},"s":[101.075,101.075],"t":72},{"o":{"x":0.167,"y":0.17},"i":{"x":0.833,"y":0.84},"s":[100.696,100.696],"t":73},{"o":{"x":0.167,"y":0.174},"i":{"x":0.833,"y":0.844},"s":[100.333,100.333],"t":74},{"o":{"x":0.167,"y":0.179},"i":{"x":0.833,"y":0.847},"s":[100,100],"t":75},{"o":{"x":0.167,"y":0.184},"i":{"x":0.833,"y":0.852},"s":[99.709,99.709],"t":76},{"o":{"x":0.167,"y":0.191},"i":{"x":0.833,"y":0.858},"s":[99.467,99.467],"t":77},{"o":{"x":0.167,"y":0.202},"i":{"x":0.833,"y":0.868},"s":[99.28,99.28],"t":78},{"o":{"x":0.167,"y":0.226},"i":{"x":0.833,"y":0.889},"s":[99.148,99.148],"t":79},{"o":{"x":0.167,"y":0.335},"i":{"x":0.833,"y":0.985},"s":[99.071,99.071],"t":80},{"o":{"x":0.167,"y":-0.019},"i":{"x":0.833,"y":0.675},"s":[99.046,99.046],"t":81},{"o":{"x":0.167,"y":0.112},"i":{"x":0.833,"y":0.789},"s":[99.066,99.066],"t":82},{"o":{"x":0.167,"y":0.138},"i":{"x":0.833,"y":0.812},"s":[99.127,99.127],"t":83},{"o":{"x":0.167,"y":0.15},"i":{"x":0.833,"y":0.822},"s":[99.219,99.219],"t":84},{"o":{"x":0.167,"y":0.157},"i":{"x":0.833,"y":0.828},"s":[99.334,99.334],"t":85},{"o":{"x":0.167,"y":0.162},"i":{"x":0.833,"y":0.833},"s":[99.466,99.466],"t":86},{"o":{"x":0.167,"y":0.166},"i":{"x":0.833,"y":0.837},"s":[99.605,99.605],"t":87},{"o":{"x":0.167,"y":0.17},"i":{"x":0.833,"y":0.84},"s":[99.744,99.744],"t":88},{"o":{"x":0.167,"y":0.174},"i":{"x":0.833,"y":0.844},"s":[99.878,99.878],"t":89},{"o":{"x":0.167,"y":0.179},"i":{"x":0.833,"y":0.847},"s":[100,100],"t":90},{"o":{"x":0.167,"y":0.184},"i":{"x":0.833,"y":0.852},"s":[100.107,100.107],"t":91},{"o":{"x":0.167,"y":0.191},"i":{"x":0.833,"y":0.858},"s":[100.196,100.196],"t":92},{"o":{"x":0.167,"y":0.202},"i":{"x":0.833,"y":0.868},"s":[100.265,100.265],"t":93},{"o":{"x":0.167,"y":0.226},"i":{"x":0.833,"y":0.889},"s":[100.313,100.313],"t":94},{"o":{"x":0.167,"y":0.335},"i":{"x":0.833,"y":0.985},"s":[100.342,100.342],"t":95},{"o":{"x":0.167,"y":-0.019},"i":{"x":0.833,"y":0.675},"s":[100.351,100.351],"t":96},{"o":{"x":0.167,"y":0.112},"i":{"x":0.833,"y":0.789},"s":[100.343,100.343],"t":97},{"o":{"x":0.167,"y":0.138},"i":{"x":0.833,"y":0.812},"s":[100.321,100.321],"t":98},{"o":{"x":0.167,"y":0.15},"i":{"x":0.833,"y":0.822},"s":[100.287,100.287],"t":99},{"o":{"x":0.167,"y":0.157},"i":{"x":0.833,"y":0.828},"s":[100.245,100.245],"t":100},{"o":{"x":0.167,"y":0.162},"i":{"x":0.833,"y":0.833},"s":[100.197,100.197],"t":101},{"o":{"x":0.167,"y":0.166},"i":{"x":0.833,"y":0.837},"s":[100.145,100.145],"t":102},{"o":{"x":0.167,"y":0.17},"i":{"x":0.833,"y":0.84},"s":[100.094,100.094],"t":103},{"o":{"x":0.167,"y":0.174},"i":{"x":0.833,"y":0.844},"s":[100.045,100.045],"t":104},{"o":{"x":0.167,"y":0.179},"i":{"x":0.833,"y":0.847},"s":[100,100],"t":105},{"o":{"x":0.167,"y":0.184},"i":{"x":0.833,"y":0.852},"s":[99.961,99.961],"t":106},{"o":{"x":0.167,"y":0.191},"i":{"x":0.833,"y":0.858},"s":[99.928,99.928],"t":107},{"o":{"x":0.167,"y":0.202},"i":{"x":0.833,"y":0.868},"s":[99.902,99.902],"t":108},{"o":{"x":0.167,"y":0.226},"i":{"x":0.833,"y":0.889},"s":[99.885,99.885],"t":109},{"o":{"x":0.167,"y":0.335},"i":{"x":0.833,"y":0.985},"s":[99.874,99.874],"t":110},{"o":{"x":0.167,"y":-0.019},"i":{"x":0.833,"y":0.675},"s":[99.871,99.871],"t":111},{"o":{"x":0.167,"y":0.112},"i":{"x":0.833,"y":0.789},"s":[99.874,99.874],"t":112},{"o":{"x":0.167,"y":0.138},"i":{"x":0.833,"y":0.812},"s":[99.882,99.882],"t":113},{"o":{"x":0.167,"y":0.15},"i":{"x":0.833,"y":0.822},"s":[99.894,99.894],"t":114},{"o":{"x":0.167,"y":0.157},"i":{"x":0.833,"y":0.828},"s":[99.91,99.91],"t":115},{"o":{"x":0.167,"y":0.162},"i":{"x":0.833,"y":0.833},"s":[99.928,99.928],"t":116},{"o":{"x":0.167,"y":0.166},"i":{"x":0.833,"y":0.837},"s":[99.946,99.946],"t":117},{"o":{"x":0.167,"y":0.17},"i":{"x":0.833,"y":0.84},"s":[99.965,99.965],"t":118},{"o":{"x":0.167,"y":0.174},"i":{"x":0.833,"y":0.844},"s":[99.983,99.983],"t":119},{"o":{"x":0.167,"y":0.179},"i":{"x":0.833,"y":0.847},"s":[100,100],"t":120},{"o":{"x":0.167,"y":0.184},"i":{"x":0.833,"y":0.852},"s":[100.014,100.014],"t":121},{"o":{"x":0.167,"y":0.191},"i":{"x":0.833,"y":0.858},"s":[100.027,100.027],"t":122},{"o":{"x":0.167,"y":0.202},"i":{"x":0.833,"y":0.868},"s":[100.036,100.036],"t":123},{"o":{"x":0.167,"y":0.226},"i":{"x":0.833,"y":0.889},"s":[100.042,100.042],"t":124},{"o":{"x":0.167,"y":0.335},"i":{"x":0.833,"y":0.985},"s":[100.046,100.046],"t":125},{"o":{"x":0.167,"y":-0.019},"i":{"x":0.833,"y":0.675},"s":[100.048,100.048],"t":126},{"o":{"x":0.167,"y":0.112},"i":{"x":0.833,"y":0.789},"s":[100.046,100.046],"t":127},{"o":{"x":0.167,"y":0.138},"i":{"x":0.833,"y":0.812},"s":[100.043,100.043],"t":128},{"o":{"x":0.167,"y":0.15},"i":{"x":0.833,"y":0.822},"s":[100.039,100.039],"t":129},{"o":{"x":0.167,"y":0.157},"i":{"x":0.833,"y":0.828},"s":[100.033,100.033],"t":130},{"o":{"x":0.167,"y":0.162},"i":{"x":0.833,"y":0.833},"s":[100.027,100.027],"t":131},{"o":{"x":0.167,"y":0.166},"i":{"x":0.833,"y":0.837},"s":[100.02,100.02],"t":132},{"o":{"x":0.167,"y":0.17},"i":{"x":0.833,"y":0.84},"s":[100.013,100.013],"t":133},{"o":{"x":0.167,"y":0.174},"i":{"x":0.833,"y":0.844},"s":[100.006,100.006],"t":134},{"o":{"x":0.167,"y":0.179},"i":{"x":0.833,"y":0.847},"s":[100,100],"t":135},{"o":{"x":0.167,"y":0.184},"i":{"x":0.833,"y":0.852},"s":[99.995,99.995],"t":136},{"o":{"x":0.167,"y":0.191},"i":{"x":0.833,"y":0.858},"s":[99.99,99.99],"t":137},{"o":{"x":0.167,"y":0.202},"i":{"x":0.833,"y":0.868},"s":[99.987,99.987],"t":138},{"o":{"x":0.167,"y":0.226},"i":{"x":0.833,"y":0.889},"s":[99.984,99.984],"t":139},{"o":{"x":0.167,"y":0.335},"i":{"x":0.833,"y":0.985},"s":[99.983,99.983],"t":140},{"o":{"x":0.167,"y":-0.019},"i":{"x":0.833,"y":0.675},"s":[99.983,99.983],"t":141},{"o":{"x":0.167,"y":0.112},"i":{"x":0.833,"y":0.789},"s":[99.983,99.983],"t":142},{"o":{"x":0.167,"y":0.138},"i":{"x":0.833,"y":0.812},"s":[99.984,99.984],"t":143},{"o":{"x":0.167,"y":0.15},"i":{"x":0.833,"y":0.822},"s":[99.986,99.986],"t":144},{"o":{"x":0.167,"y":0.157},"i":{"x":0.833,"y":0.828},"s":[99.988,99.988],"t":145},{"o":{"x":0.167,"y":0.162},"i":{"x":0.833,"y":0.833},"s":[99.99,99.99],"t":146},{"o":{"x":0.167,"y":0.166},"i":{"x":0.833,"y":0.837},"s":[99.993,99.993],"t":147},{"o":{"x":0.167,"y":0.17},"i":{"x":0.833,"y":0.84},"s":[99.995,99.995],"t":148},{"o":{"x":0.167,"y":0.174},"i":{"x":0.833,"y":0.844},"s":[99.998,99.998],"t":149},{"o":{"x":0.167,"y":0.179},"i":{"x":0.833,"y":0.847},"s":[100,100],"t":150},{"o":{"x":0.167,"y":0.184},"i":{"x":0.833,"y":0.852},"s":[100.002,100.002],"t":151},{"o":{"x":0.167,"y":0.191},"i":{"x":0.833,"y":0.858},"s":[100.004,100.004],"t":152},{"o":{"x":0.167,"y":0.202},"i":{"x":0.833,"y":0.868},"s":[100.005,100.005],"t":153},{"o":{"x":0.167,"y":0.226},"i":{"x":0.833,"y":0.889},"s":[100.006,100.006],"t":154},{"o":{"x":0.167,"y":0.335},"i":{"x":0.833,"y":0.985},"s":[100.006,100.006],"t":155},{"o":{"x":0.167,"y":-0.019},"i":{"x":0.833,"y":0.675},"s":[100.006,100.006],"t":156},{"o":{"x":0.167,"y":0.112},"i":{"x":0.833,"y":0.789},"s":[100.006,100.006],"t":157},{"o":{"x":0.167,"y":0.138},"i":{"x":0.833,"y":0.812},"s":[100.006,100.006],"t":158},{"o":{"x":0.167,"y":0.15},"i":{"x":0.833,"y":0.822},"s":[100.005,100.005],"t":159},{"o":{"x":0.167,"y":0.157},"i":{"x":0.833,"y":0.828},"s":[100.004,100.004],"t":160},{"o":{"x":0.167,"y":0.162},"i":{"x":0.833,"y":0.833},"s":[100.004,100.004],"t":161},{"o":{"x":0.167,"y":0.166},"i":{"x":0.833,"y":0.837},"s":[100.003,100.003],"t":162},{"o":{"x":0.167,"y":0.17},"i":{"x":0.833,"y":0.84},"s":[100.002,100.002],"t":163},{"o":{"x":0.167,"y":0.174},"i":{"x":0.833,"y":0.844},"s":[100.001,100.001],"t":164},{"o":{"x":0.167,"y":0.179},"i":{"x":0.833,"y":0.847},"s":[100,100],"t":165},{"o":{"x":0.167,"y":0.184},"i":{"x":0.833,"y":0.852},"s":[99.999,99.999],"t":166},{"o":{"x":0.167,"y":0.191},"i":{"x":0.833,"y":0.858},"s":[99.999,99.999],"t":167},{"o":{"x":0.167,"y":0.202},"i":{"x":0.833,"y":0.868},"s":[99.998,99.998],"t":168},{"o":{"x":0.167,"y":0.226},"i":{"x":0.833,"y":0.889},"s":[99.998,99.998],"t":169},{"o":{"x":0.167,"y":0.335},"i":{"x":0.833,"y":0.985},"s":[99.998,99.998],"t":170},{"o":{"x":0.167,"y":-0.019},"i":{"x":0.833,"y":0.675},"s":[99.998,99.998],"t":171},{"o":{"x":0.167,"y":0.112},"i":{"x":0.833,"y":0.789},"s":[99.998,99.998],"t":172},{"o":{"x":0.167,"y":0.138},"i":{"x":0.833,"y":0.812},"s":[99.998,99.998],"t":173},{"o":{"x":0.167,"y":0.15},"i":{"x":0.833,"y":0.822},"s":[99.998,99.998],"t":174},{"o":{"x":0.167,"y":0.157},"i":{"x":0.833,"y":0.828},"s":[99.998,99.998],"t":175},{"o":{"x":0.167,"y":0.162},"i":{"x":0.833,"y":0.833},"s":[99.999,99.999],"t":176},{"o":{"x":0.167,"y":0.166},"i":{"x":0.833,"y":0.837},"s":[99.999,99.999],"t":177},{"o":{"x":0.167,"y":0.17},"i":{"x":0.833,"y":0.833},"s":[99.999,99.999],"t":178},{"s":[100,100],"t":179}],"ix":3},"sk":{"a":0,"k":0,"ix":4},"p":{"a":0,"k":[83.279,66.627],"ix":2},"r":{"a":0,"k":0,"ix":6},"sa":{"a":0,"k":0,"ix":5},"o":{"a":0,"k":100,"ix":7}}]},{"ty":"gr","bm":0,"hd":false,"mn":"ADBE Vector Group","nm":"n","ix":4,"cix":2,"np":1,"it":[{"ty":"sh","bm":0,"hd":false,"mn":"ADBE Vector Shape - Group","nm":"Path 1","ix":1,"d":1,"ks":{"a":0,"k":{"c":true,"i":[[0,0],[0,0],[0,0],[0,0],[-2.401,-3.303],[0,0],[1.243,4.882],[0,0],[0,0],[0,0],[0,0],[0,0],[2.581,3.41],[0,0],[-1.357,-5.321],[0,0]],"o":[[0,0],[0,0],[0,0],[2.821,2.937],[0,0],[-1.583,-4.183],[0,0],[0,0],[0,0],[0,0],[0,0],[-2.837,-2.982],[0,0],[1.292,4.256],[0,0],[0,0]],"v":[[-9.439,19.758],[-17.743,-12.834],[-9.073,-15.044],[0.791,-4.836],[8.996,4.971],[9.142,4.932],[5.046,-8.495],[2.619,-18.022],[9.439,-19.758],[17.743,12.831],[9.949,14.82],[-0.267,4.03],[-8.901,-6.026],[-9.035,-5.938],[-5.12,8.205],[-2.618,18.02]]},"ix":2}},{"ty":"tr","a":{"a":0,"k":[0,0],"ix":1},"s":{"a":1,"k":[{"o":{"x":0.167,"y":0},"i":{"x":0.833,"y":1},"s":[0,0],"t":0},{"o":{"x":0.167,"y":0},"i":{"x":0.833,"y":1},"s":[0,0],"t":1},{"o":{"x":0.167,"y":0},"i":{"x":0.833,"y":1},"s":[0,0],"t":2},{"o":{"x":0.167,"y":0},"i":{"x":0.833,"y":1},"s":[0,0],"t":3},{"o":{"x":0.167,"y":0},"i":{"x":0.833,"y":1},"s":[0,0],"t":4},{"o":{"x":0.167,"y":0},"i":{"x":0.833,"y":1},"s":[0,0],"t":5},{"o":{"x":0.167,"y":0},"i":{"x":0.833,"y":1},"s":[0,0],"t":6},{"o":{"x":0.167,"y":0},"i":{"x":0.833,"y":1},"s":[0,0],"t":7},{"o":{"x":0.167,"y":0},"i":{"x":0.833,"y":1},"s":[0,0],"t":8},{"o":{"x":0.167,"y":0},"i":{"x":0.833,"y":1},"s":[0,0],"t":9},{"o":{"x":0.167,"y":0},"i":{"x":0.833,"y":1},"s":[0,0],"t":10},{"o":{"x":0.167,"y":0},"i":{"x":0.833,"y":1},"s":[0,0],"t":11},{"o":{"x":0.167,"y":0},"i":{"x":0.833,"y":1},"s":[0,0],"t":12},{"o":{"x":0.167,"y":0},"i":{"x":0.833,"y":1},"s":[0,0],"t":13},{"o":{"x":0.167,"y":0},"i":{"x":0.833,"y":1},"s":[0,0],"t":14},{"o":{"x":0.167,"y":0},"i":{"x":0.833,"y":1},"s":[0,0],"t":15},{"o":{"x":0.167,"y":0},"i":{"x":0.833,"y":1},"s":[0,0],"t":16},{"o":{"x":0.167,"y":0},"i":{"x":0.833,"y":1},"s":[0,0],"t":17},{"o":{"x":0.167,"y":0},"i":{"x":0.833,"y":1},"s":[0,0],"t":18},{"o":{"x":0.167,"y":0},"i":{"x":0.833,"y":1},"s":[0,0],"t":19},{"o":{"x":0.167,"y":0},"i":{"x":0.833,"y":1},"s":[0,0],"t":20},{"o":{"x":0.167,"y":0},"i":{"x":0.833,"y":1},"s":[0,0],"t":21},{"o":{"x":0.167,"y":0},"i":{"x":0.833,"y":1},"s":[0,0],"t":22},{"o":{"x":0.167,"y":0},"i":{"x":0.833,"y":0.612},"s":[0,0],"t":23},{"o":{"x":0.167,"y":0.083},"i":{"x":0.833,"y":0.823},"s":[0,0],"t":24},{"o":{"x":0.167,"y":0.158},"i":{"x":0.833,"y":0.829},"s":[4.661,4.661],"t":25},{"o":{"x":0.167,"y":0.163},"i":{"x":0.833,"y":0.832},"s":[9.876,9.876],"t":26},{"o":{"x":0.167,"y":0.165},"i":{"x":0.833,"y":0.833},"s":[15.336,15.336],"t":27},{"o":{"x":0.167,"y":0.166},"i":{"x":0.833,"y":0.834},"s":[20.906,20.906],"t":28},{"o":{"x":0.167,"y":0.167},"i":{"x":0.833,"y":0.834},"s":[26.509,26.509],"t":29},{"o":{"x":0.167,"y":0.167},"i":{"x":0.833,"y":0.835},"s":[32.097,32.097],"t":30},{"o":{"x":0.167,"y":0.168},"i":{"x":0.833,"y":0.835},"s":[37.635,37.635],"t":31},{"o":{"x":0.167,"y":0.168},"i":{"x":0.833,"y":0.835},"s":[43.094,43.094],"t":32},{"o":{"x":0.167,"y":0.169},"i":{"x":0.833,"y":0.836},"s":[48.451,48.451],"t":33},{"o":{"x":0.167,"y":0.169},"i":{"x":0.833,"y":0.836},"s":[53.685,53.685],"t":34},{"o":{"x":0.167,"y":0.169},"i":{"x":0.833,"y":0.836},"s":[58.777,58.777],"t":35},{"o":{"x":0.167,"y":0.17},"i":{"x":0.833,"y":0.837},"s":[63.706,63.706],"t":36},{"o":{"x":0.167,"y":0.17},"i":{"x":0.833,"y":0.837},"s":[68.453,68.453],"t":37},{"o":{"x":0.167,"y":0.171},"i":{"x":0.833,"y":0.838},"s":[72.997,72.997],"t":38},{"o":{"x":0.167,"y":0.172},"i":{"x":0.833,"y":0.839},"s":[77.313,77.313],"t":39},{"o":{"x":0.167,"y":0.173},"i":{"x":0.833,"y":0.84},"s":[81.377,81.377],"t":40},{"o":{"x":0.167,"y":0.174},"i":{"x":0.833,"y":0.842},"s":[85.16,85.16],"t":41},{"o":{"x":0.167,"y":0.176},"i":{"x":0.833,"y":0.844},"s":[88.629,88.629],"t":42},{"o":{"x":0.167,"y":0.179},"i":{"x":0.833,"y":0.847},"s":[91.745,91.745],"t":43},{"o":{"x":0.167,"y":0.183},"i":{"x":0.833,"y":0.853},"s":[94.462,94.462],"t":44},{"o":{"x":0.167,"y":0.192},"i":{"x":0.833,"y":0.863},"s":[96.724,96.724],"t":45},{"o":{"x":0.167,"y":0.212},"i":{"x":0.833,"y":0.887},"s":[98.463,98.463],"t":46},{"o":{"x":0.167,"y":0.314},"i":{"x":0.833,"y":0.755},"s":[99.593,99.593],"t":47},{"o":{"x":0.167,"y":0.126},"i":{"x":0.833,"y":0.847},"s":[100,100],"t":48},{"o":{"x":0.167,"y":0.184},"i":{"x":0.833,"y":0.852},"s":[100.792,100.792],"t":49},{"o":{"x":0.167,"y":0.191},"i":{"x":0.833,"y":0.858},"s":[101.449,101.449],"t":50},{"o":{"x":0.167,"y":0.202},"i":{"x":0.833,"y":0.868},"s":[101.958,101.958],"t":51},{"o":{"x":0.167,"y":0.226},"i":{"x":0.833,"y":0.889},"s":[102.316,102.316],"t":52},{"o":{"x":0.167,"y":0.335},"i":{"x":0.833,"y":0.985},"s":[102.525,102.525],"t":53},{"o":{"x":0.167,"y":-0.019},"i":{"x":0.833,"y":0.675},"s":[102.594,102.594],"t":54},{"o":{"x":0.167,"y":0.112},"i":{"x":0.833,"y":0.789},"s":[102.538,102.538],"t":55},{"o":{"x":0.167,"y":0.138},"i":{"x":0.833,"y":0.812},"s":[102.374,102.374],"t":56},{"o":{"x":0.167,"y":0.15},"i":{"x":0.833,"y":0.822},"s":[102.124,102.124],"t":57},{"o":{"x":0.167,"y":0.157},"i":{"x":0.833,"y":0.828},"s":[101.809,101.809],"t":58},{"o":{"x":0.167,"y":0.162},"i":{"x":0.833,"y":0.833},"s":[101.453,101.453],"t":59},{"o":{"x":0.167,"y":0.166},"i":{"x":0.833,"y":0.837},"s":[101.075,101.075],"t":60},{"o":{"x":0.167,"y":0.17},"i":{"x":0.833,"y":0.84},"s":[100.696,100.696],"t":61},{"o":{"x":0.167,"y":0.174},"i":{"x":0.833,"y":0.844},"s":[100.333,100.333],"t":62},{"o":{"x":0.167,"y":0.179},"i":{"x":0.833,"y":0.847},"s":[100,100],"t":63},{"o":{"x":0.167,"y":0.184},"i":{"x":0.833,"y":0.852},"s":[99.709,99.709],"t":64},{"o":{"x":0.167,"y":0.191},"i":{"x":0.833,"y":0.858},"s":[99.467,99.467],"t":65},{"o":{"x":0.167,"y":0.202},"i":{"x":0.833,"y":0.868},"s":[99.28,99.28],"t":66},{"o":{"x":0.167,"y":0.226},"i":{"x":0.833,"y":0.889},"s":[99.148,99.148],"t":67},{"o":{"x":0.167,"y":0.335},"i":{"x":0.833,"y":0.985},"s":[99.071,99.071],"t":68},{"o":{"x":0.167,"y":-0.019},"i":{"x":0.833,"y":0.675},"s":[99.046,99.046],"t":69},{"o":{"x":0.167,"y":0.112},"i":{"x":0.833,"y":0.789},"s":[99.066,99.066],"t":70},{"o":{"x":0.167,"y":0.138},"i":{"x":0.833,"y":0.812},"s":[99.127,99.127],"t":71},{"o":{"x":0.167,"y":0.15},"i":{"x":0.833,"y":0.822},"s":[99.219,99.219],"t":72},{"o":{"x":0.167,"y":0.157},"i":{"x":0.833,"y":0.828},"s":[99.334,99.334],"t":73},{"o":{"x":0.167,"y":0.162},"i":{"x":0.833,"y":0.833},"s":[99.466,99.466],"t":74},{"o":{"x":0.167,"y":0.166},"i":{"x":0.833,"y":0.837},"s":[99.605,99.605],"t":75},{"o":{"x":0.167,"y":0.17},"i":{"x":0.833,"y":0.84},"s":[99.744,99.744],"t":76},{"o":{"x":0.167,"y":0.174},"i":{"x":0.833,"y":0.844},"s":[99.878,99.878],"t":77},{"o":{"x":0.167,"y":0.179},"i":{"x":0.833,"y":0.847},"s":[100,100],"t":78},{"o":{"x":0.167,"y":0.184},"i":{"x":0.833,"y":0.852},"s":[100.107,100.107],"t":79},{"o":{"x":0.167,"y":0.191},"i":{"x":0.833,"y":0.858},"s":[100.196,100.196],"t":80},{"o":{"x":0.167,"y":0.202},"i":{"x":0.833,"y":0.868},"s":[100.265,100.265],"t":81},{"o":{"x":0.167,"y":0.226},"i":{"x":0.833,"y":0.889},"s":[100.313,100.313],"t":82},{"o":{"x":0.167,"y":0.335},"i":{"x":0.833,"y":0.985},"s":[100.342,100.342],"t":83},{"o":{"x":0.167,"y":-0.019},"i":{"x":0.833,"y":0.675},"s":[100.351,100.351],"t":84},{"o":{"x":0.167,"y":0.112},"i":{"x":0.833,"y":0.789},"s":[100.343,100.343],"t":85},{"o":{"x":0.167,"y":0.138},"i":{"x":0.833,"y":0.812},"s":[100.321,100.321],"t":86},{"o":{"x":0.167,"y":0.15},"i":{"x":0.833,"y":0.822},"s":[100.287,100.287],"t":87},{"o":{"x":0.167,"y":0.157},"i":{"x":0.833,"y":0.828},"s":[100.245,100.245],"t":88},{"o":{"x":0.167,"y":0.162},"i":{"x":0.833,"y":0.833},"s":[100.197,100.197],"t":89},{"o":{"x":0.167,"y":0.166},"i":{"x":0.833,"y":0.837},"s":[100.145,100.145],"t":90},{"o":{"x":0.167,"y":0.17},"i":{"x":0.833,"y":0.84},"s":[100.094,100.094],"t":91},{"o":{"x":0.167,"y":0.174},"i":{"x":0.833,"y":0.844},"s":[100.045,100.045],"t":92},{"o":{"x":0.167,"y":0.179},"i":{"x":0.833,"y":0.847},"s":[100,100],"t":93},{"o":{"x":0.167,"y":0.184},"i":{"x":0.833,"y":0.852},"s":[99.961,99.961],"t":94},{"o":{"x":0.167,"y":0.191},"i":{"x":0.833,"y":0.858},"s":[99.928,99.928],"t":95},{"o":{"x":0.167,"y":0.202},"i":{"x":0.833,"y":0.868},"s":[99.902,99.902],"t":96},{"o":{"x":0.167,"y":0.226},"i":{"x":0.833,"y":0.889},"s":[99.885,99.885],"t":97},{"o":{"x":0.167,"y":0.335},"i":{"x":0.833,"y":0.985},"s":[99.874,99.874],"t":98},{"o":{"x":0.167,"y":-0.019},"i":{"x":0.833,"y":0.675},"s":[99.871,99.871],"t":99},{"o":{"x":0.167,"y":0.112},"i":{"x":0.833,"y":0.789},"s":[99.874,99.874],"t":100},{"o":{"x":0.167,"y":0.138},"i":{"x":0.833,"y":0.812},"s":[99.882,99.882],"t":101},{"o":{"x":0.167,"y":0.15},"i":{"x":0.833,"y":0.822},"s":[99.894,99.894],"t":102},{"o":{"x":0.167,"y":0.157},"i":{"x":0.833,"y":0.828},"s":[99.91,99.91],"t":103},{"o":{"x":0.167,"y":0.162},"i":{"x":0.833,"y":0.833},"s":[99.928,99.928],"t":104},{"o":{"x":0.167,"y":0.166},"i":{"x":0.833,"y":0.837},"s":[99.946,99.946],"t":105},{"o":{"x":0.167,"y":0.17},"i":{"x":0.833,"y":0.84},"s":[99.965,99.965],"t":106},{"o":{"x":0.167,"y":0.174},"i":{"x":0.833,"y":0.844},"s":[99.983,99.983],"t":107},{"o":{"x":0.167,"y":0.179},"i":{"x":0.833,"y":0.847},"s":[100,100],"t":108},{"o":{"x":0.167,"y":0.184},"i":{"x":0.833,"y":0.852},"s":[100.014,100.014],"t":109},{"o":{"x":0.167,"y":0.191},"i":{"x":0.833,"y":0.858},"s":[100.027,100.027],"t":110},{"o":{"x":0.167,"y":0.202},"i":{"x":0.833,"y":0.868},"s":[100.036,100.036],"t":111},{"o":{"x":0.167,"y":0.226},"i":{"x":0.833,"y":0.889},"s":[100.042,100.042],"t":112},{"o":{"x":0.167,"y":0.335},"i":{"x":0.833,"y":0.985},"s":[100.046,100.046],"t":113},{"o":{"x":0.167,"y":-0.019},"i":{"x":0.833,"y":0.675},"s":[100.048,100.048],"t":114},{"o":{"x":0.167,"y":0.112},"i":{"x":0.833,"y":0.789},"s":[100.046,100.046],"t":115},{"o":{"x":0.167,"y":0.138},"i":{"x":0.833,"y":0.812},"s":[100.043,100.043],"t":116},{"o":{"x":0.167,"y":0.15},"i":{"x":0.833,"y":0.822},"s":[100.039,100.039],"t":117},{"o":{"x":0.167,"y":0.157},"i":{"x":0.833,"y":0.828},"s":[100.033,100.033],"t":118},{"o":{"x":0.167,"y":0.162},"i":{"x":0.833,"y":0.833},"s":[100.027,100.027],"t":119},{"o":{"x":0.167,"y":0.166},"i":{"x":0.833,"y":0.837},"s":[100.02,100.02],"t":120},{"o":{"x":0.167,"y":0.17},"i":{"x":0.833,"y":0.84},"s":[100.013,100.013],"t":121},{"o":{"x":0.167,"y":0.174},"i":{"x":0.833,"y":0.844},"s":[100.006,100.006],"t":122},{"o":{"x":0.167,"y":0.179},"i":{"x":0.833,"y":0.847},"s":[100,100],"t":123},{"o":{"x":0.167,"y":0.184},"i":{"x":0.833,"y":0.852},"s":[99.995,99.995],"t":124},{"o":{"x":0.167,"y":0.191},"i":{"x":0.833,"y":0.858},"s":[99.99,99.99],"t":125},{"o":{"x":0.167,"y":0.202},"i":{"x":0.833,"y":0.868},"s":[99.987,99.987],"t":126},{"o":{"x":0.167,"y":0.226},"i":{"x":0.833,"y":0.889},"s":[99.984,99.984],"t":127},{"o":{"x":0.167,"y":0.335},"i":{"x":0.833,"y":0.985},"s":[99.983,99.983],"t":128},{"o":{"x":0.167,"y":-0.019},"i":{"x":0.833,"y":0.675},"s":[99.983,99.983],"t":129},{"o":{"x":0.167,"y":0.112},"i":{"x":0.833,"y":0.789},"s":[99.983,99.983],"t":130},{"o":{"x":0.167,"y":0.138},"i":{"x":0.833,"y":0.812},"s":[99.984,99.984],"t":131},{"o":{"x":0.167,"y":0.15},"i":{"x":0.833,"y":0.822},"s":[99.986,99.986],"t":132},{"o":{"x":0.167,"y":0.157},"i":{"x":0.833,"y":0.828},"s":[99.988,99.988],"t":133},{"o":{"x":0.167,"y":0.162},"i":{"x":0.833,"y":0.833},"s":[99.99,99.99],"t":134},{"o":{"x":0.167,"y":0.166},"i":{"x":0.833,"y":0.837},"s":[99.993,99.993],"t":135},{"o":{"x":0.167,"y":0.17},"i":{"x":0.833,"y":0.84},"s":[99.995,99.995],"t":136},{"o":{"x":0.167,"y":0.174},"i":{"x":0.833,"y":0.844},"s":[99.998,99.998],"t":137},{"o":{"x":0.167,"y":0.179},"i":{"x":0.833,"y":0.847},"s":[100,100],"t":138},{"o":{"x":0.167,"y":0.184},"i":{"x":0.833,"y":0.852},"s":[100.002,100.002],"t":139},{"o":{"x":0.167,"y":0.191},"i":{"x":0.833,"y":0.858},"s":[100.004,100.004],"t":140},{"o":{"x":0.167,"y":0.202},"i":{"x":0.833,"y":0.868},"s":[100.005,100.005],"t":141},{"o":{"x":0.167,"y":0.226},"i":{"x":0.833,"y":0.889},"s":[100.006,100.006],"t":142},{"o":{"x":0.167,"y":0.335},"i":{"x":0.833,"y":0.985},"s":[100.006,100.006],"t":143},{"o":{"x":0.167,"y":-0.019},"i":{"x":0.833,"y":0.675},"s":[100.006,100.006],"t":144},{"o":{"x":0.167,"y":0.112},"i":{"x":0.833,"y":0.789},"s":[100.006,100.006],"t":145},{"o":{"x":0.167,"y":0.138},"i":{"x":0.833,"y":0.812},"s":[100.006,100.006],"t":146},{"o":{"x":0.167,"y":0.15},"i":{"x":0.833,"y":0.822},"s":[100.005,100.005],"t":147},{"o":{"x":0.167,"y":0.157},"i":{"x":0.833,"y":0.828},"s":[100.004,100.004],"t":148},{"o":{"x":0.167,"y":0.162},"i":{"x":0.833,"y":0.833},"s":[100.004,100.004],"t":149},{"o":{"x":0.167,"y":0.166},"i":{"x":0.833,"y":0.837},"s":[100.003,100.003],"t":150},{"o":{"x":0.167,"y":0.17},"i":{"x":0.833,"y":0.84},"s":[100.002,100.002],"t":151},{"o":{"x":0.167,"y":0.174},"i":{"x":0.833,"y":0.844},"s":[100.001,100.001],"t":152},{"o":{"x":0.167,"y":0.179},"i":{"x":0.833,"y":0.847},"s":[100,100],"t":153},{"o":{"x":0.167,"y":0.184},"i":{"x":0.833,"y":0.852},"s":[99.999,99.999],"t":154},{"o":{"x":0.167,"y":0.191},"i":{"x":0.833,"y":0.858},"s":[99.999,99.999],"t":155},{"o":{"x":0.167,"y":0.202},"i":{"x":0.833,"y":0.868},"s":[99.998,99.998],"t":156},{"o":{"x":0.167,"y":0.226},"i":{"x":0.833,"y":0.889},"s":[99.998,99.998],"t":157},{"o":{"x":0.167,"y":0.335},"i":{"x":0.833,"y":0.985},"s":[99.998,99.998],"t":158},{"o":{"x":0.167,"y":-0.019},"i":{"x":0.833,"y":0.675},"s":[99.998,99.998],"t":159},{"o":{"x":0.167,"y":0.112},"i":{"x":0.833,"y":0.789},"s":[99.998,99.998],"t":160},{"o":{"x":0.167,"y":0.138},"i":{"x":0.833,"y":0.812},"s":[99.998,99.998],"t":161},{"o":{"x":0.167,"y":0.15},"i":{"x":0.833,"y":0.822},"s":[99.998,99.998],"t":162},{"o":{"x":0.167,"y":0.157},"i":{"x":0.833,"y":0.828},"s":[99.998,99.998],"t":163},{"o":{"x":0.167,"y":0.162},"i":{"x":0.833,"y":0.833},"s":[99.999,99.999],"t":164},{"o":{"x":0.167,"y":0.166},"i":{"x":0.833,"y":0.837},"s":[99.999,99.999],"t":165},{"o":{"x":0.167,"y":0.17},"i":{"x":0.833,"y":0.84},"s":[99.999,99.999],"t":166},{"o":{"x":0.167,"y":0.174},"i":{"x":0.833,"y":0.844},"s":[100,100],"t":167},{"o":{"x":0.167,"y":0.179},"i":{"x":0.833,"y":0.847},"s":[100,100],"t":168},{"o":{"x":0.167,"y":0.184},"i":{"x":0.833,"y":0.852},"s":[100,100],"t":169},{"o":{"x":0.167,"y":0.191},"i":{"x":0.833,"y":0.858},"s":[100,100],"t":170},{"o":{"x":0.167,"y":0.202},"i":{"x":0.833,"y":0.868},"s":[100.001,100.001],"t":171},{"o":{"x":0.167,"y":0.226},"i":{"x":0.833,"y":0.889},"s":[100.001,100.001],"t":172},{"o":{"x":0.167,"y":0.335},"i":{"x":0.833,"y":0.985},"s":[100.001,100.001],"t":173},{"o":{"x":0.167,"y":-0.019},"i":{"x":0.833,"y":0.675},"s":[100.001,100.001],"t":174},{"o":{"x":0.167,"y":0.112},"i":{"x":0.833,"y":0.789},"s":[100.001,100.001],"t":175},{"o":{"x":0.167,"y":0.138},"i":{"x":0.833,"y":0.812},"s":[100.001,100.001],"t":176},{"o":{"x":0.167,"y":0.15},"i":{"x":0.833,"y":0.822},"s":[100.001,100.001],"t":177},{"o":{"x":0.167,"y":0.157},"i":{"x":0.833,"y":0.833},"s":[100.001,100.001],"t":178},{"s":[100,100],"t":179}],"ix":3},"sk":{"a":0,"k":0,"ix":4},"p":{"a":0,"k":[52.77,74.314],"ix":2},"r":{"a":0,"k":0,"ix":6},"sa":{"a":0,"k":0,"ix":5},"o":{"a":0,"k":100,"ix":7}}]},{"ty":"fl","bm":0,"hd":false,"mn":"ADBE Vector Graphic - Fill","nm":"Fill 1","c":{"a":0,"k":[1,1,1],"ix":4},"r":1,"o":{"a":0,"k":100,"ix":5}},{"ty":"tr","a":{"a":0,"k":[100.195,62.552],"ix":1},"s":{"a":1,"k":[{"o":{"x":0.167,"y":0.167},"i":{"x":0,"y":1},"s":[50,50],"t":24},{"s":[100,100],"t":120}],"ix":3},"sk":{"a":0,"k":0,"ix":4},"p":{"a":0,"k":[100.195,62.552],"ix":2},"r":{"a":0,"k":0,"ix":6},"sa":{"a":0,"k":0,"ix":5},"o":{"a":0,"k":100,"ix":7}}]},{"ty":"gr","bm":0,"hd":false,"mn":"ADBE Vector Group","nm":"paper","ix":4,"cix":2,"np":3,"it":[{"ty":"sh","bm":0,"hd":false,"mn":"ADBE Vector Shape - Group","nm":"Path 1","ix":1,"d":1,"ks":{"a":0,"k":{"c":true,"i":[[0,0],[4.442,-1.132],[0,0],[1.131,4.443],[0,0],[-4.443,1.132],[0,0],[-1.132,-4.443]],"o":[[1.132,4.443],[0,0],[-4.447,1.132],[0,0],[-1.132,-4.443],[0,0],[4.443,-1.132],[0,0]],"v":[[93.348,30.348],[87.349,40.446],[-57.352,77.309],[-67.449,71.314],[-93.348,-30.344],[-87.353,-40.438],[57.348,-77.31],[67.446,-71.311]]},"ix":2}},{"ty":"st","bm":0,"hd":false,"mn":"ADBE Vector Graphic - Stroke","nm":"Stroke 1","lc":2,"lj":2,"ml":1,"o":{"a":0,"k":100,"ix":4},"w":{"a":0,"k":6,"ix":5},"c":{"a":0,"k":[1,1,1],"ix":3}},{"ty":"tr","a":{"a":0,"k":[0,0],"ix":1},"s":{"a":0,"k":[100,100],"ix":3},"sk":{"a":0,"k":0,"ix":4},"p":{"a":0,"k":[109.48,93.442],"ix":2},"r":{"a":0,"k":0,"ix":6},"sa":{"a":0,"k":0,"ix":5},"o":{"a":0,"k":100,"ix":7}}]}],"ind":3,"parent":1},{"ty":4,"nm":"news 4","sr":1,"st":0,"op":271,"ip":0,"hd":false,"ddd":0,"bm":0,"hasMask":false,"td":1,"ao":0,"ks":{"a":{"a":0,"k":[47.5,181.5,0],"ix":1},"s":{"a":1,"k":[{"o":{"x":0.167,"y":0.167},"i":{"x":0,"y":1},"s":[0,0,100],"t":0},{"s":[100,100,100],"t":48}],"ix":6},"sk":{"a":0,"k":0},"p":{"a":0,"k":[-70,82,0],"ix":2},"r":{"a":1,"k":[{"o":{"x":0.167,"y":0.167},"i":{"x":0.667,"y":1},"s":[-90],"t":0},{"s":[0],"t":48}],"ix":10},"sa":{"a":0,"k":0},"o":{"a":0,"k":100,"ix":11}},"ef":[],"shapes":[{"ty":"gr","bm":0,"hd":false,"mn":"ADBE Vector Group","nm":"paper","ix":1,"cix":2,"np":3,"it":[{"ty":"sh","bm":0,"hd":false,"mn":"ADBE Vector Shape - Group","nm":"Path 1","ix":1,"d":1,"ks":{"a":0,"k":{"c":true,"i":[[0,0],[4.442,-1.132],[0,0],[1.131,4.443],[0,0],[-4.443,1.132],[0,0],[-1.132,-4.443]],"o":[[1.132,4.443],[0,0],[-4.447,1.132],[0,0],[-1.132,-4.443],[0,0],[4.443,-1.132],[0,0]],"v":[[93.348,30.348],[87.349,40.446],[-57.352,77.309],[-67.449,71.314],[-93.348,-30.344],[-87.353,-40.438],[57.348,-77.31],[67.446,-71.311]]},"ix":2}},{"ty":"st","bm":0,"hd":false,"mn":"ADBE Vector Graphic - Stroke","nm":"Stroke 1","lc":2,"lj":2,"ml":1,"o":{"a":0,"k":100,"ix":4},"w":{"a":0,"k":6,"ix":5},"c":{"a":0,"k":[1,1,1],"ix":3}},{"ty":"fl","bm":0,"hd":false,"mn":"ADBE Vector Graphic - Fill","nm":"Fill 1","c":{"a":0,"k":[1,1,1],"ix":4},"r":1,"o":{"a":0,"k":100,"ix":5}},{"ty":"tr","a":{"a":0,"k":[0,0],"ix":1},"s":{"a":0,"k":[100,100],"ix":3},"sk":{"a":0,"k":0,"ix":4},"p":{"a":0,"k":[109.48,93.442],"ix":2},"r":{"a":0,"k":0,"ix":6},"sa":{"a":0,"k":0,"ix":5},"o":{"a":0,"k":100,"ix":7}}]}],"ind":4,"parent":1},{"ty":4,"nm":"news 3","sr":1,"st":0,"op":271,"ip":0,"hd":false,"ddd":0,"bm":0,"tt":2,"hasMask":false,"ao":0,"ks":{"a":{"a":0,"k":[47.5,181.5,0],"ix":1},"s":{"a":1,"k":[{"o":{"x":0.167,"y":0.167},"i":{"x":0,"y":1},"s":[0,0,100],"t":0},{"s":[100,100,100],"t":48}],"ix":6},"sk":{"a":0,"k":0},"p":{"a":0,"k":[-70,82,0],"ix":2},"r":{"a":1,"k":[{"o":{"x":0.167,"y":0.167},"i":{"x":0.667,"y":1},"s":[-90],"t":0},{"s":[0],"t":48}],"ix":10},"sa":{"a":0,"k":0},"o":{"a":0,"k":100,"ix":11}},"ef":[],"shapes":[{"ty":"gr","bm":0,"hd":false,"mn":"ADBE Vector Group","nm":"paper back","ix":1,"cix":2,"np":2,"it":[{"ty":"sh","bm":0,"hd":false,"mn":"ADBE Vector Shape - Group","nm":"Path 1","ix":1,"d":1,"ks":{"a":0,"k":{"c":true,"i":[[-4.446,1.132],[0,0],[-1.132,-4.443],[0,0],[4.446,-1.136],[0,0],[1.132,4.442],[0,0]],"o":[[0,0],[4.442,-1.132],[0,0],[1.131,4.443],[0,0],[-4.442,1.132],[0,0],[-1.132,-4.443]],"v":[[-87.349,-40.442],[57.352,-77.309],[67.446,-71.314],[93.349,30.344],[87.349,40.447],[-57.353,77.31],[-67.445,71.314],[-93.348,-30.345]]},"ix":2}},{"ty":"st","bm":0,"hd":false,"mn":"ADBE Vector Graphic - Stroke","nm":"Stroke 1","lc":2,"lj":2,"ml":1,"o":{"a":0,"k":100,"ix":4},"w":{"a":0,"k":6,"ix":5},"c":{"a":0,"k":[1,1,1],"ix":3}},{"ty":"tr","a":{"a":0,"k":[-64.448,73.715],"ix":1},"s":{"a":1,"k":[{"o":{"x":0.167,"y":0.167},"i":{"x":0.667,"y":1},"s":[84,84],"t":48},{"s":[100,100],"t":72}],"ix":3},"sk":{"a":0,"k":0,"ix":4},"p":{"a":1,"k":[{"o":{"x":0.167,"y":0.167},"i":{"x":0,"y":1},"s":[49.742,165.377],"t":48,"ti":[-1.833,-2.167],"to":[1.833,2.167]},{"s":[60.742,178.377],"t":72}],"ix":2},"r":{"a":0,"k":0,"ix":6},"sa":{"a":0,"k":0,"ix":5},"o":{"a":0,"k":100,"ix":7}}]}],"ind":5,"parent":1}],"v":"4.8.0","fr":60,"op":271,"ip":0,"assets":[]}